Trip_ID,Driver_ID,Vehicle_ID,Trip_Date,Start_Time,End_Time,Duration_Min,Distance_KM,Avg_Speed_kmph,Max_Speed_kmph,Start_Latitude,Start_Longitude,End_Latitude,End_Longitude,speed_mean,speed_median,speed_std,speed_max,speed_p90,speed_p95,speed_p99,speed_range,speed_delta_std,speed_delta_max,speed_delta_min,high_accel_delta_count,high_brake_delta_count,accel_raw_mag_mean,accel_raw_mag_median,accel_raw_mag_std,accel_raw_mag_max,accel_raw_mag_p95,accel_raw_mag_p99,accel_grav_dev_mean,accel_grav_dev_median,accel_grav_dev_std,accel_grav_dev_max,accel_grav_dev_p95,accel_grav_dev_p99,accel_extreme_count,gyro_mag_mean,gyro_mag_median,gyro_mag_std,gyro_mag_max,gyro_mag_p95,gyro_mag_p99,gyro_extreme_count,accel_extremes_per_hour,gyro_extremes_per_hour,high_accel_deltas_per_hour,high_brake_deltas_per_hour,accel_extremes_per_100km,gyro_extremes_per_100km,high_accel_deltas_per_100km,high_brake_deltas_per_100km,is_high_accel_anomaly,is_high_gyro_anomaly,is_candidate_anomaly
T00001,D01,V01,2026-08-04,2026-08-04 11:08:00,2026-08-04 11:24:00,16,9.34,28.7,39.4,12.991693,77.559009,13.011179,77.6074,28.71875,27.75,5.987232944635888,39.4,37.25,38.275,39.175,19.4,9.152404055765892,15.799999999999997,-17.9,0,0,1.015942849371013,1.0008758487564444,0.07193238908424672,1.186010539582174,1.1549673254914934,1.1798018967640378,0.05309584163667682,0.04049892157935647,0.04716210519930555,0.1773847417760701,0.14634152768538933,0.17117609895793393,1,2.626879318044309,2.5094446744993375,1.0672700618836541,5.05419627636284,4.595322245644,4.962421470219072,0,3.75,0.0,0.0,0.0,10.706638115631693,0.0,0.0,0.0,False,False,False
T00002,D01,V01,2026-08-02,2026-08-02 20:38:00,2026-08-02 21:00:00,22,5.0,28.5,54.4,13.00079,77.560607,13.038001,77.563879,28.545454545454547,30.4,13.550355021626599,54.4,44.05000000000001,46.495,52.76199999999999,51.9,17.133024236267204,36.1,-30.0,2,2,0.9981214659653616,1.0053799856948513,0.04317178418357944,1.07032004559384,1.0586773337199815,1.068095078526034,0.032307804308987505,0.02272950159589432,0.02976406497521244,0.11316893117321025,0.09518291936631189,0.10976200664278796,0,4.626561836212162,3.1753319033715877,7.208373975108703,36.400853011983116,5.693371617297997,29.952385554578992,1,0.0,2.7272727272727275,5.454545454545455,5.454545454545455,0.0,20.0,40.0,40.0,False,False,False
T00003,D01,V01,2026-07-31,2026-07-31 21:11:00,2026-07-31 21:38:00,27,7.25,16.9,32.7,12.983049,77.554049,12.949627,77.52124,16.900000000000002,19.6,8.779127344051737,32.7,28.5,29.43,31.919999999999998,32.7,12.597079433599292,24.400000000000002,-18.000000000000004,0,0,1.0168001188706366,0.9922731478781435,0.08421880685859248,1.1912199628951825,1.1764291246830443,1.1879692183403396,0.06212424951321786,0.032835195222439495,0.05616346886973227,0.18259416508907855,0.16780332687694036,0.1793434205342357,4,4.699843083707394,3.442165016381405,6.789118059552954,38.31371294980428,5.73184134425207,29.851376211183695,1,8.88888888888889,2.2222222222222223,0.0,0.0,55.17241379310345,13.793103448275863,0.0,0.0,True,False,True
T00004,D01,V01,2026-07-31,2026-07-31 17:36:00,2026-07-31 18:18:00,42,9.27,23.9,40.4,12.974957,77.549494,12.987157,77.479689,23.90714285714286,24.200000000000003,6.219379345441851,40.4,32.3,32.595,37.242999999999974,32.8,8.307088055560378,21.2,-24.799999999999997,0,0,1.004190567676735,1.009523900635919,0.05943017200806016,1.223474151749844,1.0554278770163164,1.17250876153594,0.04343786951986168,0.03257730401299602,0.04023962219553087,0.21484835394374002,0.121127245177023,0.18306662108593935,2,7.708967822806433,3.3892643187100653,12.728350758695036,54.095155975373615,35.678206153992576,53.57938663887033,5,2.857142857142857,7.142857142857143,0.0,0.0,21.57497303128371,53.93743257820928,0.0,0.0,False,True,True
T00005,D01,V01,2026-08-01,2026-08-01 17:06:00,2026-08-01 17:19:00,13,7.74,28.7,42.5,12.997466,77.547647,12.997395,77.504517,28.707692307692305,33.2,10.79007735054616,42.5,41.24,42.32,42.464,37.3,15.658572650018181,18.1,-37.0,0,1,1.0404150700687913,1.0218121158021176,0.0914955671325,1.2658645267168205,1.1671520455241422,1.2461220304782847,0.0672903941514904,0.0594508929545271,0.06753428424131583,0.25723872891071653,0.1655034076347752,0.23889166465552816,1,6.098401847544783,2.5011597310047993,12.215527119804703,46.65755351494546,21.197558050021765,41.56555442196069,1,4.615384615384615,4.615384615384615,0.0,4.615384615384615,12.919896640826874,12.919896640826874,0.0,12.919896640826874,False,False,False
T00006,D01,V01,2026-08-05,2026-08-05 10:35:00,2026-08-05 10:54:00,19,11.26,21.7,33.4,12.997977,77.551773,13.068164,77.57159,21.726315789473684,23.3,7.635723214329337,33.4,29.16,31.599999999999994,33.04,28.7,13.67843310338369,26.7,-20.8,1,0,1.0376359515598574,1.0285898113436667,0.07437592523380064,1.1910377827760124,1.1769384487247367,1.1882179159657573,0.05576819654888883,0.03434144506302517,0.056011138175281104,0.1824119849699084,0.16831265091863268,0.17959211815965326,3,5.227250844770779,3.3538187190127022,8.662947033554333,40.71288002585914,8.537628115026896,34.27782964369272,1,9.473684210526317,3.1578947368421053,3.1578947368421053,0.0,26.642984014209592,8.880994671403197,8.880994671403197,0.0,True,False,True
T00007,D01,V01,2026-08-03,2026-08-03 11:32:00,2026-08-03 11:47:00,15,6.2,20.0,38.2,12.992633,77.564429,13.022862,77.538041,20.033333333333335,20.4,7.940822795319555,38.2,27.08,31.059999999999988,36.772,35.800000000000004,6.5441213168403145,13.0,-5.899999999999999,0,0,1.0517059681150167,1.0493340745444226,0.05367784157680774,1.1989353610599698,1.1454554742942449,1.1882393837068248,0.04758458854113786,0.04070827673831867,0.049434277853863264,0.19030956325386583,0.13682967648814098,0.17961358590072082,1,3.610976096774266,3.247614509143596,1.572885756179052,6.751570187741515,5.842865717606507,6.569829293714513,0,4.0,0.0,0.0,0.0,16.129032258064516,0.0,0.0,0.0,False,False,False
T00008,D01,V01,2026-08-04,2026-08-04 15:03:00,2026-08-04 15:44:00,41,14.97,25.3,41.7,12.980346,77.556282,12.921142,77.64436,25.329268292682926,26.3,9.302909327259915,41.7,35.8,38.1,41.38,39.7,13.604264933844973,27.8,-36.3,1,1,1.0323590206089621,1.0153669287503901,0.09338428069802206,1.405850632179678,1.1053375050182637,1.378297963307286,0.056888009046601906,0.03537660052927094,0.07733575938784025,0.39722483437357403,0.14254901137201414,0.36967216550118215,3,6.52930803927015,3.0606698613212107,10.93985591502604,50.628053488160106,33.96503643454545,44.07588665881413,5,4.390243902439025,7.317073170731708,1.4634146341463414,1.4634146341463414,20.04008016032064,33.4001336005344,6.680026720106881,6.680026720106881,False,True,True
T00009,D01,V01,2026-08-06,2026-08-06 12:00:00,2026-08-06 12:31:00,31,17.09,23.8,42.3,12.999075,77.541607,13.028601,77.450753,23.838709677419356,22.8,10.296817547810742,42.3,36.2,41.75,42.18,39.199999999999996,12.453569683005043,24.799999999999997,-25.199999999999996,0,0,1.086552703846149,1.0105236266411586,0.18094869205599987,1.6397326001516224,1.4690811011771054,1.6298459828657117,0.10980236936677563,0.0329816138418737,0.16296934149937656,0.6311068023455184,0.4604553033710015,0.6212201850596079,7,5.110172455488585,2.786054557972618,8.559156620699921,48.700853175278155,13.258161814729506,38.71898668340345,3,13.548387096774192,5.806451612903225,0.0,0.0,40.95962551199532,17.554125219426567,0.0,0.0,True,False,True
T00010,D01,V01,2026-08-05,2026-08-05 10:32:00,2026-08-05 11:05:00,33,16.27,30.6,47.5,12.996834,77.568587,13.017821,77.682427,30.63939393939394,31.1,10.016484519092122,47.5,41.08,46.32,47.275999999999996,47.5,15.074026301535831,36.6,-31.7,2,3,1.0130179965443091,1.015349201014114,0.0868266549569978,1.4205565810625074,1.0759603700933205,1.311590474914179,0.04969175788194534,0.030707600818237313,0.07079778784249366,0.4119307832564034,0.09840030814529328,0.31183551887271393,1,4.52194448494512,3.079448002483562,7.329995516023218,44.39888061652005,7.381284689303389,33.118014519556425,2,1.8181818181818181,3.6363636363636362,3.6363636363636362,5.454545454545454,6.1462814996926864,12.292562999385373,12.292562999385373,18.43884449907806,False,False,False
T00011,D01,V01,2026-08-03,2026-08-03 06:16:00,2026-08-03 06:57:00,41,23.39,22.8,33.9,13.00117,77.560708,13.161872,77.558504,22.819512195121952,23.7,6.552526974846998,33.9,31.9,32.5,33.7,24.4,8.310894994509082,18.6,-18.5,0,0,1.024592244195966,1.0105607354335513,0.0786053526282438,1.3824257665422761,1.1297791819643341,1.3140983387547158,0.04603858303625247,0.02583106451344186,0.06532658074018068,0.37379996873617216,0.12115338415823018,0.30547254094861187,2,4.339219835634773,3.1881342506237096,7.869706665339222,52.701459182834775,5.366013417799102,34.410874792854955,1,2.926829268292683,1.4634146341463414,0.0,0.0,8.550662676357417,4.275331338178709,0.0,0.0,False,False,False
T00012,D01,V01,2026-08-05,2026-08-05 12:12:00,2026-08-05 12:41:00,29,11.69,32.1,45.8,12.993387,77.568616,13.044252,77.626447,32.11724137931034,35.3,11.313742243254353,45.8,43.58,44.32,45.464,43.0,18.28896474727571,41.800000000000004,-33.800000000000004,3,3,1.011746764435433,0.9810270128798697,0.12442210055442922,1.5039504646097892,1.2349172568781366,1.4597348395732348,0.06917079162812462,0.045442533831900556,0.1026424399671536,0.49532466680368525,0.25119026084103435,0.4511090417671309,2,3.3775687869988356,2.5705057868053904,2.029834120453875,9.894311497016858,6.321383737528936,8.96570418012165,1,4.137931034482759,2.0689655172413794,6.206896551724138,6.206896551724138,17.108639863130882,8.554319931565441,25.662959794696324,25.662959794696324,False,False,False
T00013,D01,V01,2026-08-01,2026-08-01 18:52:00,2026-08-01 19:29:00,37,14.92,28.1,47.0,12.996354,77.56434,12.916501,77.634517,28.056756756756755,28.4,10.697651365825338,47.0,40.48,41.43999999999999,45.488,47.0,13.199018868806085,25.499999999999996,-36.1,1,2,1.0078956213582564,1.001196783854203,0.0670446386400711,1.2593482441326544,1.0937720027952367,1.2048118621523929,0.046605395727076,0.03425147205837997,0.047572403199988046,0.2507224463265505,0.11235200513359438,0.20402166743612116,1,6.810928980477781,3.1923189063751134,12.981530167518398,52.43196925540753,46.244529729136445,52.13410850615607,3,1.6216216216216215,4.864864864864865,1.6216216216216215,3.243243243243243,6.702412868632708,20.107238605898125,6.702412868632708,13.404825737265416,False,False,False
T00014,D01,V01,2026-08-05,2026-08-05 11:27:00,2026-08-05 11:51:00,24,16.29,29.5,45.0,12.983048,77.560273,12.893771,77.525901,29.508333333333336,32.5,9.751963756159538,45.0,36.239999999999995,39.019999999999996,43.735,42.2,13.655671832187743,30.099999999999998,-29.9,1,1,1.0262390480409938,1.016721233386603,0.05699541958024761,1.1274945676144077,1.1167619749302633,1.1256905099023018,0.04686589552286726,0.04676081866644277,0.0357810593071079,0.11886876980830374,0.10813617712415939,0.1170647120961979,0,7.264724001023139,4.156770921741644,12.43380428078334,49.80862977436741,38.857185556892304,48.59555103000124,2,0.0,5.0,2.5,2.5,0.0,12.277470841006753,6.138735420503377,6.138735420503377,False,False,False
T00015,D01,V01,2026-08-01,2026-08-01 07:31:00,2026-08-01 08:08:00,37,14.69,19.9,47.2,12.987554,77.54997,12.935055,77.46639,19.875675675675677,20.2,10.839649579345405,47.2,34.66,35.599999999999994,43.456,46.400000000000006,14.677600347194087,42.1,-26.200000000000003,1,1,1.0283074821275564,1.0210181193299166,0.055822317674014243,1.2349518209225814,1.1170992551936918,1.2055855870310226,0.04056215386994553,0.0297785165614759,0.042699757724681736,0.22632602311647743,0.10847345738758792,0.19695978922491866,2,5.918455264219544,3.7553828033903547,9.662745655294678,50.654730282570846,13.303048271075106,46.569063112249,2,3.243243243243243,3.243243243243243,1.6216216216216215,1.6216216216216215,13.614703880190605,13.614703880190605,6.807351940095303,6.807351940095303,False,False,False
T00016,D02,V02,2026-08-02,2026-08-02 17:34:00,2026-08-02 17:48:00,14,6.21,23.1,44.7,12.911694,77.651834,12.923331,77.685931,23.092857142857145,26.75,15.7480384266014,44.7,42.18000000000001,43.335,44.427,43.7,22.912389277803012,30.3,-41.6,1,3,1.1325710053677713,1.0541163149200798,0.23287514799587258,1.7313581374169815,1.6422329427605133,1.7135330984856878,0.13820465597236523,0.04549051711397578,0.22406511327568715,0.7227323396108776,0.6336071449544095,0.7049073006795838,2,7.315028202127649,3.230109061850646,11.116079045962342,41.82192487200942,28.356687099030122,39.12887731741355,2,8.571428571428571,8.571428571428571,4.285714285714286,12.857142857142858,32.2061191626409,32.2061191626409,16.10305958132045,48.309178743961354,True,True,True
T00017,D02,V02,2026-08-06,2026-08-06 12:34:00,2026-08-06 12:59:00,25,9.63,22.8,38.0,12.90325,77.648643,12.867285,77.701946,22.756,20.2,10.597762342431851,38.0,36.94,37.54,37.903999999999996,35.7,15.477099211415556,27.5,-34.1,2,2,1.0537789164149598,1.038916262265636,0.09390817389495192,1.3885366397758467,1.1678953233358458,1.3364406502348674,0.06979996444521015,0.042264581696930814,0.07659936631364538,0.3799108419697428,0.1592695255297419,0.32781485242876335,3,5.427644492458572,3.5567681959891626,6.791321304880908,34.4402047032244,15.711477502687348,30.496681051574008,2,7.199999999999999,4.8,4.8,4.8,31.15264797507788,20.768431983385252,20.768431983385252,20.768431983385252,True,False,True
T00018,D02,V02,2026-08-06,2026-08-06 07:24:00,2026-08-06 07:49:00,25,19.0,22.2,33.7,12.925859,77.64112,13.020884,77.699906,22.168000000000003,23.5,8.210040600792826,33.7,31.220000000000002,31.98,33.316,28.200000000000003,9.813765841918178,20.6,-20.8,0,0,1.0537890966530141,1.010254423400363,0.1795065567953587,1.703150609899195,1.4282668857318264,1.6540167453692156,0.09626026234503345,0.057144846866990395,0.15714704244494296,0.6945248120930911,0.4196410879257225,0.6453909475631117,3,4.504002458902011,2.986419260586162,5.624391990307027,25.253209696987035,16.521493504094387,23.54983286582682,3,7.199999999999999,7.199999999999999,0.0,0.0,15.789473684210526,15.789473684210526,0.0,0.0,True,True,True
T00019,D02,V02,2026-08-01,2026-08-01 16:47:00,2026-08-01 17:07:00,20,6.61,16.9,31.5,12.911947,77.642966,12.913443,77.593752,16.884999999999998,19.700000000000003,9.79340675094595,31.5,29.14,29.6,31.119999999999997,31.5,14.07571536931231,27.8,-28.3,1,1,1.0271155938567655,1.0234401714178563,0.11467646413997183,1.4271278849493483,1.1320015069029685,1.3681026093400719,0.06904833879276721,0.04268465216956202,0.09215179881854112,0.41850208714324433,0.15346029845157644,0.3654937294049104,2,3.5315977282428848,3.2480565205847407,1.5991848205848977,8.566031753384994,5.879431057788266,8.028711614265644,1,6.0,3.0,3.0,3.0,30.2571860816944,15.1285930408472,15.1285930408472,15.1285930408472,False,False,False
T00020,D02,V02,2026-08-05,2026-08-05 07:47:00,2026-08-05 08:30:00,43,9.39,21.7,44.1,12.912162,77.646102,12.911781,77.571979,21.711627906976744,22.6,10.132320030061408,44.1,33.56,36.03,41.243999999999986,42.300000000000004,14.371763875712153,28.9,-27.700000000000003,2,2,1.0958517548196867,1.0374126469250313,0.2099410945003592,1.78548424804029,1.621786658372146,1.7571909785374904,0.12194562810615052,0.052397764608982156,0.19141572815147137,0.776858450234186,0.6131608605660422,0.7485651807313864,8,4.215979969951618,3.371779945370101,3.539755017073151,17.12203550983352,12.875316939616793,16.57043863810291,4,11.162790697674419,5.5813953488372094,2.7906976744186047,2.7906976744186047,85.19701810436634,42.59850905218317,21.299254526091584,21.299254526091584,True,False,True
T00021,D02,V02,2026-08-01,2026-08-01 16:19:00,2026-08-01 17:04:00,45,23.92,18.8,36.3,12.923982,77.628617,12.774728,77.67524,18.784444444444443,20.0,9.434196876632939,36.3,30.360000000000003,33.17999999999999,36.123999999999995,36.199999999999996,14.115656827677828,30.999999999999996,-26.2,3,2,1.0184967938342078,1.0045028621163805,0.14006359292095252,1.6733514275250132,1.1239928032924913,1.5850451862971953,0.0810417868502309,0.05881459865638705,0.11401939461483215,0.6647256297189092,0.13429775585737344,0.5764193884910913,2,6.690252666638946,3.581354492367378,11.541266342351172,52.91958144203335,37.85691537766059,51.099005361508574,4,2.6666666666666665,5.333333333333333,4.0,2.6666666666666665,8.361204013377925,16.72240802675585,12.541806020066888,8.361204013377925,False,False,False
T00022,D02,V02,2026-08-02,2026-08-02 17:16:00,2026-08-02 17:57:00,41,11.6,22.3,36.9,12.918688,77.642154,12.895615,77.731756,22.31219512195122,24.9,9.411593784316002,36.9,32.4,33.7,36.18,36.9,12.044565113796672,25.3,-26.900000000000002,1,1,1.0174957828314606,0.9867106972157543,0.1258508649878817,1.4606115157700217,1.1765619405709162,1.454694705785171,0.08536902519318547,0.0609296439677548,0.09191853210539877,0.45198571796391773,0.16793614276481228,0.44606890797906695,4,5.1282002742214425,3.6016107507613864,7.064593654001763,38.723154571909554,12.511886348588689,35.1454044859935,3,5.853658536585366,4.390243902439025,1.4634146341463414,1.4634146341463414,34.48275862068966,25.862068965517242,8.620689655172415,8.620689655172415,False,False,False
T00023,D02,V02,2026-08-03,2026-08-03 12:35:00,2026-08-03 12:56:00,21,15.2,26.8,50.7,12.911893,77.64747,12.819021,77.665485,26.771428571428572,26.0,13.635400355587027,50.7,44.3,46.8,49.92,50.7,19.87336096865541,50.7,-28.8,1,2,1.008604912692706,1.0028708790268066,0.06805649562492885,1.165230020210602,1.1150623300963944,1.1551964821877605,0.054864094403589046,0.047363086576754365,0.038355113834808226,0.15660422240449812,0.10643653229029049,0.14657068438165663,1,3.0111624625849176,3.139761137411571,1.0444283867817419,4.99373607632602,4.6641076316911905,4.927810387399054,0,2.857142857142857,0.0,2.857142857142857,5.714285714285714,6.578947368421053,0.0,6.578947368421053,13.157894736842106,False,False,False
T00024,D02,V02,2026-08-04,2026-08-04 06:16:00,2026-08-04 06:51:00,35,16.23,27.5,50.5,12.916949,77.638204,13.007097,77.692563,27.542857142857144,27.1,11.819830936242045,50.5,41.0,45.65,48.969999999999985,50.5,18.107279746884476,32.9,-50.5,3,2,1.0296087187230771,0.9908264227401286,0.16421883010983074,1.7641368994496995,1.2740738497748878,1.6409054562177052,0.0937801903266195,0.06704202564347794,0.13552735583070147,0.7555111016435956,0.2654480519687838,0.6322796584116014,4,3.9864427660980093,2.9885280657875706,3.634487958684098,17.802977279095764,10.031155022631701,17.562956846619635,2,6.857142857142857,3.4285714285714284,5.142857142857142,3.4285714285714284,24.645717806531117,12.322858903265558,18.484288354898336,12.322858903265558,False,False,False
T00025,D02,V02,2026-08-05,2026-08-05 11:15:00,2026-08-05 11:32:00,17,7.73,19.6,31.9,12.917555,77.641103,12.919545,77.68289,19.570588235294117,20.2,8.066734524102857,31.9,28.82,30.299999999999997,31.58,27.7,12.720895270010999,22.099999999999998,-25.7,0,1,1.0055761150263134,0.9737602374301386,0.10660543698199819,1.2400923352718538,1.2116612224362602,1.234406112704735,0.08365674883988133,0.07315051753409163,0.06275943109512344,0.23146653746574986,0.2030354246301562,0.22578031489863112,3,5.758669508094334,3.075857603986244,10.30520085151564,45.51889058402018,13.87084513961793,39.189281495139724,1,10.588235294117647,3.5294117647058822,0.0,3.5294117647058822,38.809831824062094,12.936610608020697,0.0,12.936610608020697,True,False,True
T00026,D02,V02,2026-08-02,2026-08-02 15:03:00,2026-08-02 15:16:00,13,11.49,28.1,41.9,12.923164,77.651588,12.959218,77.656964,28.092307692307692,26.4,6.650120492449934,41.9,35.620000000000005,38.17999999999999,41.15599999999999,23.7,8.314106023762204,15.5,-17.599999999999998,0,0,1.0115938457816893,1.0404398108492388,0.08042884292754066,1.0915992854523129,1.0841670417895752,1.0901128367197654,0.06261980176466879,0.05933019379654625,0.04722639786228543,0.17198130938823364,0.14373839179843334,0.16633272587027353,1,3.5691402015910865,3.7915959700368917,1.191675881480307,5.937794203237427,5.335787875693528,5.817392937728647,0,4.615384615384615,0.0,0.0,0.0,8.703220191470844,0.0,0.0,0.0,False,False,False
T00027,D02,V02,2026-08-02,2026-08-02 14:14:00,2026-08-02 14:33:00,19,11.53,21.3,34.3,12.909107,77.644399,12.949772,77.673275,21.26842105263158,21.9,9.921472372339084,34.3,32.68,34.21,34.282,29.799999999999997,14.818249772351303,22.9,-27.4,0,2,1.1092730839444902,1.0151128016136926,0.2553544681733084,1.8132459844157935,1.7036048288853698,1.7913177533097089,0.147430933318087,0.06339892205813502,0.23011980038678134,0.8046201866096896,0.6949790310792657,0.7826919555036049,5,4.9080862681505595,3.0492458083926257,4.7374623686775506,16.70800107732819,16.440397901850304,16.654480442232614,4,15.789473684210527,12.631578947368421,0.0,6.315789473684211,43.365134431916736,34.69210754553339,0.0,17.346053772766695,True,True,True
T00028,D02,V02,2026-08-06,2026-08-06 20:34:00,2026-08-06 20:52:00,18,9.1,29.3,50.9,12.914477,77.638661,12.919607,77.564016,29.327777777777776,28.700000000000003,11.321962288638815,50.9,42.78,46.73499999999999,50.06699999999999,47.699999999999996,18.519808331988614,31.599999999999998,-30.900000000000002,2,2,1.0571693960678041,1.0700985670938987,0.11665273358976976,1.3921328959549801,1.179772966213015,1.3496609100065868,0.09438947084215304,0.07264325897197477,0.08166703611451048,0.3835070981488762,0.1910372001194274,0.3450131185429861,3,8.654799741477525,3.358398943795077,13.277175119971362,50.96417859634354,38.193600773858904,48.41006303184659,4,10.0,13.333333333333334,6.666666666666667,6.666666666666667,32.96703296703297,43.956043956043956,21.978021978021978,21.978021978021978,True,True,True
T00029,D02,V02,2026-08-06,2026-08-06 10:28:00,2026-08-06 11:12:00,44,14.25,17.7,36.3,12.917178,77.644843,12.844217,77.581758,17.738636363636363,18.25,8.453380111325524,36.3,29.160000000000007,30.695,36.171,36.099999999999994,12.91964656799328,25.199999999999996,-31.099999999999998,1,1,1.042665576984164,1.0184543237036738,0.13603007201558912,1.5047089419552206,1.3866393620703366,1.4935635258945301,0.08790015028689992,0.06968370535797214,0.10855281081122303,0.4960831441491167,0.3780135642642327,0.4849377280884262,4,4.457807374574528,2.8094870512122103,7.081711050127341,46.02833257896706,9.065490622766786,34.58072252373391,3,5.454545454545455,4.090909090909091,1.3636363636363638,1.3636363636363638,28.070175438596493,21.05263157894737,7.017543859649123,7.017543859649123,False,False,False
T00030,D02,V02,2026-08-04,2026-08-04 12:22:00,2026-08-04 12:44:00,22,10.41,22.1,35.1,12.906694,77.632706,12.943706,77.581729,22.131818181818183,21.95,6.725388030132103,35.1,31.990000000000016,34.03,34.89,27.5,9.374359429775172,15.3,-17.4,0,0,1.0858367780710345,1.0193957937143583,0.1977244126535394,1.7110160723967498,1.570902026851761,1.685404062638646,0.10727858973617131,0.048556733749095526,0.18243802378995969,0.7023902745906458,0.5622762290456571,0.6767782648325419,4,5.309924425901074,3.2822125374480104,6.029641294735696,28.968413833000938,12.13253292071145,25.45455032561664,3,10.90909090909091,8.181818181818182,0.0,0.0,38.42459173871278,28.818443804034583,0.0,0.0,True,True,True
T00031,D03,V03,2026-08-02,2026-08-02 19:58:00,2026-08-02 20:16:00,18,9.23,14.3,32.4,12.924827,77.608182,12.97527,77.624701,14.255555555555556,13.0,9.860510798260625,32.4,26.700000000000003,29.339999999999996,31.787999999999993,32.4,14.42906471316599,26.7,-21.4,1,0,1.0294614862985538,1.0293203732389977,0.05810733886195258,1.119841953134459,1.1108473896742728,1.1180430404424218,0.050714291902209385,0.04914750275056756,0.033360090030310076,0.11121615532835505,0.10222159186816891,0.1094172426363178,0,5.947503577104677,4.0737864905306225,9.591483114188236,44.120528102007114,11.30910130542167,37.55824274268997,1,0.0,3.3333333333333335,3.3333333333333335,0.0,0.0,10.834236186348862,10.834236186348862,0.0,False,False,False
T00032,D03,V03,2026-07-31,2026-07-31 21:35:00,2026-07-31 22:13:00,38,16.21,13.3,35.6,12.924166,77.618245,13.026969,77.648359,13.323684210526316,12.85,10.59572668095878,35.6,28.350000000000005,34.165,35.415000000000006,35.6,17.2642406223797,35.6,-28.0,4,2,1.025803803475414,1.0121859599340794,0.0706447445424329,1.233336126122964,1.1778519119500577,1.220499200036328,0.04643516214512066,0.02714505625181729,0.05549088605148355,0.2247103283168601,0.1692261141439538,0.21187340223022405,4,6.311434666758875,3.1609541446008325,11.339396300479216,52.389637334114084,36.680240281474475,49.10687592445616,3,6.315789473684211,4.736842105263158,6.315789473684211,3.1578947368421053,24.676125848241824,18.507094386181368,24.676125848241824,12.338062924120912,False,False,False
T00033,D03,V03,2026-08-03,2026-08-03 11:49:00,2026-08-03 12:03:00,14,8.27,23.6,46.6,12.912888,77.624811,12.956101,77.630261,23.564285714285713,22.9,14.027807940102246,46.6,44.25,45.56,46.392,44.1,15.918093927531471,27.0,-22.700000000000003,1,0,1.0702815806908883,1.0266285917781046,0.1056047538532927,1.2555445033928507,1.2525045804331658,1.2549365188009138,0.07665200528261988,0.028408609304225285,0.09443899600492348,0.24691870558674678,0.24387878262706186,0.2463107209948098,3,8.613389156803335,4.0467813395017,13.232652740819347,46.7390489847622,36.428548428570764,44.6769488735239,2,12.857142857142858,8.571428571428571,4.285714285714286,0.0,36.27569528415962,24.18379685610641,12.091898428053206,0.0,True,True,True
T00034,D03,V03,2026-08-06,2026-08-06 10:48:00,2026-08-06 11:10:00,22,6.26,29.8,58.8,12.916392,77.613761,12.904704,77.572184,29.818181818181817,29.25,13.385658151762435,58.8,45.940000000000005,50.66499999999999,57.14099999999999,53.4,18.767943218176377,43.199999999999996,-31.5,1,2,1.0303543814511251,1.019771403265622,0.052213695402059376,1.1599702582394085,1.1429254184806825,1.157174723479294,0.037377549144899366,0.02837877364028024,0.04191986312647182,0.15134446043330452,0.13539621817875344,0.1485489256731901,2,6.697086479564875,2.9763221671609648,12.014617325564892,51.129190292825875,33.071934323626586,47.642693749869046,2,5.454545454545455,5.454545454545455,2.7272727272727275,5.454545454545455,31.948881789137378,31.948881789137378,15.974440894568689,31.948881789137378,False,False,False
T00035,D03,V03,2026-08-03,2026-08-03 09:45:00,2026-08-03 10:17:00,32,13.38,30.5,54.7,12.89927,77.622373,12.817121,77.598363,30.546875,32.1,12.012009699302155,54.7,42.5,47.315,53.21200000000001,53.300000000000004,15.55176449899683,32.099999999999994,-24.400000000000002,2,0,1.0368902674298204,1.0132923344730314,0.07356878411875946,1.262246410175129,1.1758288412177917,1.2436359115382338,0.051541917504527704,0.02838310493684426,0.05911642350159507,0.253620612369025,0.16720304341168776,0.2350101137321298,3,4.049594603687612,2.671644562172924,5.495898392804882,33.327026570037724,6.47940594854263,25.40991949663809,2,5.625,3.75,3.75,0.0,22.42152466367713,14.947683109118087,14.947683109118087,0.0,False,False,False
T00036,D03,V03,2026-08-06,2026-08-06 08:16:00,2026-08-06 08:47:00,31,19.96,19.9,51.2,12.892579,77.61184,12.791769,77.543846,19.932258064516127,20.7,13.675120647774294,51.2,40.8,44.849999999999994,50.48,51.2,19.869704610041957,46.9,-46.0,1,4,1.0372005605673627,1.0237841569393422,0.06145999021618479,1.1841397721552973,1.164187850913272,1.1784756000987597,0.04419765060779939,0.021715467532882005,0.05101487988721603,0.17551397434919336,0.15556205310716786,0.16984980229265587,4,5.522011285624402,2.753288942337872,10.35941847178135,54.57410832986646,18.022271700271883,47.07331866733396,2,7.741935483870967,3.8709677419354835,1.9354838709677418,7.741935483870967,20.04008016032064,10.02004008016032,5.01002004008016,20.04008016032064,True,False,True
T00037,D03,V03,2026-08-05,2026-08-05 20:06:00,2026-08-05 20:49:00,43,18.13,25.4,68.8,12.890759,77.611141,12.834184,77.513294,25.37906976744186,24.3,14.580867407399312,68.8,43.36000000000001,47.73,62.961999999999975,68.8,20.29803055216906,56.5,-44.4,4,3,1.02813271459478,1.0154314354007363,0.06258312771610033,1.251519476476495,1.1625486166714625,1.2181646562213941,0.041624193126162806,0.0272665363732687,0.05032298153264959,0.24289367867039102,0.15392281886535847,0.2095388584152903,4,4.572468178445142,3.2989392234474404,7.4283757670864805,46.07274573975378,5.450768389481161,37.39228653614069,2,5.5813953488372094,2.7906976744186047,5.5813953488372094,4.186046511627907,22.06287920573635,11.031439602868176,22.06287920573635,16.547159404302263,False,False,False
T00038,D03,V03,2026-07-31,2026-07-31 20:43:00,2026-07-31 21:27:00,44,19.77,22.0,52.3,12.908639,77.6139,12.823519,77.50485,22.025000000000002,20.25,14.823349353183023,52.3,44.84000000000002,49.97,51.87,52.199999999999996,21.385224888969418,43.0,-49.699999999999996,5,6,1.018233578713429,1.0130419396584984,0.04950867528853536,1.169466117508327,1.1187366315313287,1.1590010768771357,0.036241106248167745,0.029087386443117536,0.03466414188468842,0.160840319702223,0.11447986993328647,0.1503752790710318,2,3.9936064013041106,3.243294761793903,4.568622631232868,32.286695402286064,5.821097099676328,21.24930828519127,1,2.7272727272727275,1.3636363636363638,6.818181818181818,8.181818181818182,10.116337885685383,5.058168942842691,25.290844714213456,30.349013657056148,False,False,False
T00039,D03,V03,2026-07-31,2026-07-31 12:19:00,2026-07-31 12:44:00,25,11.92,22.4,52.3,12.898327,77.618005,12.900388,77.549018,22.355999999999998,22.0,13.026354056296796,52.3,37.220000000000006,41.05999999999999,49.77999999999997,52.3,17.978082025993018,30.999999999999996,-31.0,2,3,1.0168616542713893,1.0149354659287455,0.06217797098227312,1.2707230225348087,1.0581487978222437,1.219747065618753,0.035920687828895376,0.02254198679541264,0.05091853778002234,0.2620972247287048,0.07041520354633377,0.21628254702494082,1,7.882012575168183,3.567043593790241,13.110029309848793,51.5248017948638,37.6417785213,48.28604210666523,3,2.4,7.199999999999999,4.8,7.199999999999999,8.389261744966444,25.16778523489933,16.778523489932887,25.16778523489933,False,True,True
T00040,D03,V03,2026-08-06,2026-08-06 17:50:00,2026-08-06 18:21:00,31,13.65,21.8,49.9,12.905694,77.607486,12.804134,77.580432,21.806451612903224,21.5,15.326729059258339,49.9,41.1,48.4,49.75,49.9,21.215838068439258,47.4,-42.0,4,4,1.049047548860447,1.037195256448852,0.06768467259444999,1.231839681127378,1.1826180683844791,1.2219890278295245,0.0529300758685948,0.03361349019147697,0.05809145747833119,0.223213883321274,0.1739922705783753,0.21336323002342045,4,6.9184362836924915,3.736147748684466,11.076263842173352,50.8456389477013,33.14389020454965,45.911819500972136,3,7.741935483870967,5.806451612903225,7.741935483870967,7.741935483870967,29.304029304029303,21.978021978021978,29.304029304029303,29.304029304029303,True,False,True
T00041,D03,V03,2026-08-03,2026-08-03 21:29:00,2026-08-03 22:04:00,35,12.38,27.4,60.1,12.910528,77.606494,12.946965,77.661748,27.417142857142856,28.2,12.949005996698006,60.1,40.28,44.83999999999998,56.29199999999996,60.1,17.79046954756083,27.6,-52.7,1,4,1.029679941368934,1.0162504612545078,0.062140884047365126,1.223706664196939,1.1626272259409294,1.2144036473527113,0.04123564472724253,0.022189898620759818,0.050669660188973634,0.215080866390835,0.15400142813482542,0.20577784954660736,3,3.126528721095188,3.153807223024261,1.2376238555469328,5.602017493724917,5.046843335399882,5.491546048084976,0,5.142857142857142,0.0,1.7142857142857142,6.857142857142857,24.232633279483036,0.0,8.077544426494345,32.31017770597738,False,False,False
T00042,D03,V03,2026-08-04,2026-08-04 16:40:00,2026-08-04 17:20:00,40,7.88,21.5,53.4,12.903092,77.624516,12.934963,77.594091,21.4625,22.05,13.778293733446397,53.4,37.620000000000005,41.24499999999997,51.957,53.4,21.397651290953192,53.4,-36.1,5,6,1.0202964074029617,1.0104317567158918,0.05970196097462101,1.2164312557641719,1.1367746515581,1.2143491340030812,0.03806422581445098,0.02244462955743498,0.047095471850694154,0.20780545795806793,0.1281488537519961,0.20572333619697725,2,4.299358065304892,2.8182352602816017,7.956287320378015,52.91763978107868,5.23153142808757,34.371025945418914,1,3.0,1.5,7.5,9.0,25.38071065989848,12.69035532994924,63.45177664974619,76.14213197969544,False,False,False
T00043,D03,V03,2026-08-01,2026-08-01 14:56:00,2026-08-01 15:35:00,39,20.88,16.4,47.1,12.909805,77.632485,13.037055,77.670478,16.351282051282052,15.0,12.161433255969715,47.1,30.74,37.49,43.75599999999998,47.1,17.043889917966574,36.4,-35.5,5,1,1.0241918340247302,1.0153624968453383,0.05671591198924046,1.177146974680732,1.1460506287717478,1.1664451712588597,0.04226076747870566,0.032867841156708044,0.04040297968963901,0.16852117687462798,0.13742483096564384,0.1578193734527557,3,5.4475217070881286,2.9836554760896905,8.771482475045785,46.735243660432545,27.391484687522507,39.49693049697936,3,4.615384615384615,4.615384615384615,7.692307692307692,1.5384615384615383,14.367816091954024,14.367816091954024,23.946360153256705,4.789272030651341,False,False,False
T00044,D03,V03,2026-08-06,2026-08-06 10:03:00,2026-08-06 10:30:00,27,9.3,32.4,59.1,12.913492,77.624873,12.938671,77.679631,32.41111111111111,33.0,12.710151404210286,59.1,45.14,54.17999999999999,58.788,52.9,17.102811284878108,36.0,-28.2,3,2,1.042267187433185,1.0255276690562767,0.0812642815858305,1.2244088369494888,1.2093912695560745,1.2217718151011905,0.061399388242077406,0.039054758634656794,0.06216329053102566,0.2157830391433848,0.20076547174997056,0.21314601729508642,4,5.014368074494082,3.216006840788744,5.9396326808350945,33.5231472269535,7.848145141043086,26.866977204492617,3,8.88888888888889,6.666666666666666,6.666666666666666,4.444444444444445,43.01075268817204,32.258064516129025,32.258064516129025,21.50537634408602,True,True,True
T00045,D03,V03,2026-08-05,2026-08-05 10:59:00,2026-08-05 11:42:00,43,13.14,22.1,55.4,12.916333,77.614986,12.941544,77.519671,22.14186046511628,24.5,14.833604586468034,55.4,36.879999999999995,49.58999999999998,53.55199999999999,55.4,21.353292245014504,37.099999999999994,-51.0,5,7,1.0438763260403061,1.0314664318338236,0.0864344349783982,1.4760745238638868,1.1409634691909991,1.3587932189670808,0.05355091235015074,0.03002813878683086,0.07620445005964589,0.46744872605778287,0.13233767138489524,0.35016742116097693,2,7.657542839845995,3.4296501279285034,12.651470852947067,50.590286617096766,39.1440448367469,50.14304125484767,5,2.7906976744186047,6.976744186046512,6.976744186046512,9.767441860465116,15.220700152207,38.0517503805175,38.0517503805175,53.2724505327245,False,True,True
T00046,D04,V04,2026-08-05,2026-08-05 14:05:00,2026-08-05 14:50:00,45,18.81,28.0,48.1,12.901007,77.648588,12.831105,77.595136,27.977777777777778,29.7,9.656883764465842,48.1,37.82000000000001,42.58,46.64800000000001,47.300000000000004,13.537945922405651,30.099999999999998,-44.0,1,2,1.0029170335464495,0.992474181024373,0.04946212325138612,1.1856023785401244,1.0753466993456726,1.1775031003120966,0.03389224635127971,0.025175748235715223,0.03612535788001245,0.17697658073402045,0.08152158412226033,0.1688773025059927,2,4.017363785619891,3.203966291957517,4.285748766736158,31.213913564306544,5.423658936999253,20.20948010571388,1,2.6666666666666665,1.3333333333333333,1.3333333333333333,2.6666666666666665,10.63264221158958,5.31632110579479,5.31632110579479,10.63264221158958,False,False,False
T00047,D04,V04,2026-08-05,2026-08-05 09:56:00,2026-08-05 10:29:00,33,15.2,32.4,50.7,12.916277,77.634406,12.869649,77.531312,32.381818181818176,32.6,11.049588638990551,50.7,42.04,46.16,49.324,49.0,17.016072504689454,38.199999999999996,-36.199999999999996,2,2,1.0105378184779732,1.0067343244371874,0.03766773945081514,1.117761155166881,1.060920065227359,1.1044704402593346,0.0281407945946367,0.02289443951355219,0.024616606842208552,0.10913535736077695,0.07253732470833478,0.09758583234331202,0,4.440458895133281,2.526222476346848,8.780838190380885,52.672340939054536,6.168903040252909,37.883383543118875,1,0.0,1.8181818181818181,3.6363636363636362,3.6363636363636362,0.0,6.578947368421053,13.157894736842106,13.157894736842106,False,False,False
T00048,D04,V04,2026-08-05,2026-08-05 18:43:00,2026-08-05 19:15:00,32,16.54,23.9,42.9,12.91798,77.649215,12.814652,77.669822,23.9125,25.65,8.62512272002456,42.9,33.81000000000001,34.56,40.45100000000001,42.9,12.299080414090234,27.0,-35.0,1,1,1.0215277770065345,1.0206786337010083,0.04521312460423233,1.1679507695104274,1.0890512533519865,1.155745306814644,0.03291962113760814,0.024310414857463214,0.03312699576314922,0.15932497170432347,0.09312898652991158,0.14711950900853998,1,4.9705233556052475,3.1155949692935074,8.490331355447697,50.57668039719491,6.6918265264141,36.99913786241265,1,1.875,1.875,1.875,1.875,6.045949214026603,6.045949214026603,6.045949214026603,6.045949214026603,False,False,False
T00049,D04,V04,2026-08-02,2026-08-02 19:44:00,2026-08-02 20:16:00,32,10.78,29.8,51.6,12.916233,77.638744,12.90239,77.718135,29.79375,29.05,11.106171998110462,51.6,43.63000000000001,45.29,49.67800000000001,50.7,13.895402755657551,24.0,-26.200000000000003,0,1,1.0206382820545572,1.0098885437506735,0.07251093589403845,1.3085339124378854,1.142830673149547,1.2676224694193308,0.04197003907240651,0.021529479436856014,0.05990395799559286,0.29990811463178146,0.13420487534344308,0.25899667161322687,2,6.580323171741992,3.3224358849607105,11.421853420828912,54.67139379968285,31.417401865391803,49.50761437816414,3,3.75,5.625,0.0,1.875,18.55287569573284,27.82931354359926,0.0,9.27643784786642,False,False,False
T00050,D04,V04,2026-07-31,2026-07-31 19:02:00,2026-07-31 19:40:00,38,10.83,22.3,37.6,12.919474,77.648825,12.976416,77.600956,22.31578947368421,22.6,6.940968322343655,37.6,31.31000000000001,32.949999999999996,36.19400000000001,34.1,8.421038562399342,19.0,-18.5,0,0,1.0124790602409224,1.0091909579822165,0.05176944674409371,1.22506897764983,1.0886038379762897,1.1862362349613256,0.03398079927728317,0.027273049084340473,0.03885127861474479,0.21644317984372607,0.07997804017018582,0.1776104371552216,1,2.8366518150555535,2.736107678573065,1.0576381929435503,5.235494246009635,4.743394433153007,5.081811270553648,0,1.5789473684210527,0.0,0.0,0.0,9.233610341643582,0.0,0.0,0.0,False,False,False
T00051,D04,V04,2026-08-01,2026-08-01 12:16:00,2026-08-01 12:54:00,38,12.83,15.3,29.1,12.914721,77.638116,12.911644,77.539791,15.271052631578947,16.0,7.916930469014433,29.1,25.43,26.424999999999997,28.582000000000004,29.1,12.71582385796977,27.7,-25.2,1,1,1.037980263800708,1.0089950291643648,0.13024134919532282,1.5611358044705785,1.1931399153665767,1.5593969930513893,0.0576175564440631,0.029550251796827742,0.12015937674057903,0.5525100066644746,0.18451411756047276,0.5507711952452855,2,5.350716418416077,3.216226649894647,7.489062988999215,41.24261024717034,13.17142358708451,36.45295341073783,4,3.1578947368421053,6.315789473684211,1.5789473684210527,1.5789473684210527,15.58846453624318,31.17692907248636,7.79423226812159,7.79423226812159,False,False,False
T00052,D04,V04,2026-08-03,2026-08-03 10:19:00,2026-08-03 10:40:00,21,7.47,18.6,34.8,12.914468,77.639157,12.942421,77.596725,18.628571428571426,18.6,8.765451663042974,34.8,29.4,30.4,33.92,32.5,13.447003560715851,24.4,-25.5,0,1,1.0236393718231505,1.0230019550323448,0.039682594121115786,1.1539696703120061,1.0677054837360347,1.1367168329968118,0.027875013825921332,0.01655760042076926,0.03155184361649476,0.1453438725059022,0.06057305665717405,0.12838970933615662,1,7.458190320492856,4.0044350413010825,10.101897693031345,37.045804080894236,30.49636207812335,35.735915680340064,3,2.857142857142857,8.571428571428571,0.0,2.857142857142857,13.386880856760374,40.16064257028113,0.0,13.386880856760374,False,True,True
T00053,D04,V04,2026-08-04,2026-08-04 15:39:00,2026-08-04 16:08:00,29,13.9,19.4,40.6,12.911909,77.648897,12.992169,77.651553,19.410344827586208,18.6,8.272084934438329,40.6,31.219999999999995,34.08,38.919999999999995,37.6,11.775030984239615,27.099999999999998,-31.6,1,1,1.0185296237434016,1.020189198139247,0.051901266553707505,1.179129339809675,1.1052312569343692,1.1596576978235913,0.038971073392532044,0.03097556810296398,0.03496204889115327,0.17050354200357098,0.09660545912826526,0.15103190001748734,1,6.142162821693027,3.2238796503591756,10.851803734670344,46.95580688264232,28.32262311580771,45.81663931450925,2,2.0689655172413794,4.137931034482759,2.0689655172413794,2.0689655172413794,7.194244604316546,14.388489208633093,7.194244604316546,7.194244604316546,False,False,False
T00054,D04,V04,2026-08-01,2026-08-01 09:29:00,2026-08-01 10:09:00,40,17.54,29.7,50.6,12.918995,77.63258,12.807225,77.668889,29.747500000000002,30.6,10.83063053068969,50.6,41.190000000000005,46.31999999999999,49.079,47.800000000000004,13.684934632559846,25.5,-31.799999999999997,2,1,1.0162918784693473,1.0148898007137865,0.03802991747053664,1.1190880215604133,1.0658881536912272,1.116274063513523,0.02922370985103912,0.023560991427284683,0.02511228798249898,0.11046222375430936,0.07189637379409425,0.10764826570741923,0,5.834317287635635,3.1921842806875533,10.165391098821326,52.14023494385119,31.521192816417354,45.66884748358741,3,0.0,4.5,3.0,1.5,0.0,17.10376282782212,11.402508551881414,5.701254275940707,False,False,False
T00055,D04,V04,2026-08-02,2026-08-02 14:00:00,2026-08-02 14:28:00,28,13.16,28.1,48.8,12.908491,77.641335,12.956207,77.709868,28.071428571428573,30.15,12.364460933655545,48.8,42.17,45.254999999999995,48.098,46.599999999999994,16.766068656696422,41.3,-30.299999999999997,2,3,1.0101394849222773,1.0134406025662615,0.04158845460638174,1.1550177487813769,1.0338737199367476,1.1223438705354083,0.026629890290473555,0.016393902866302212,0.03156833469560756,0.1463919509752729,0.07893457913272187,0.13015612881225697,1,5.634235016139344,2.9804001265649593,9.545732577520468,42.32453898154119,25.35917295382252,40.53820667113067,2,2.142857142857143,4.285714285714286,4.285714285714286,6.428571428571429,7.598784194528876,15.197568389057752,15.197568389057752,22.79635258358663,False,False,False
T00056,D04,V04,2026-08-04,2026-08-04 14:47:00,2026-08-04 15:14:00,27,11.73,16.0,32.5,12.916624,77.630694,12.969421,77.567078,15.95925925925926,16.5,8.341105777056514,32.5,26.86000000000001,29.27,31.667999999999996,30.8,12.45941102447957,25.4,-23.1,1,0,0.9888626070243822,0.9871109360147926,0.035740033350592115,1.071881523303765,1.049067113825061,1.0669975112716779,0.0340387414107732,0.031038571113019886,0.021903362925551485,0.07823609450968416,0.06887920022231432,0.07635306512075699,0,6.012290593690512,2.9558078421981357,11.43534848458188,45.918550717547696,33.165462429916204,45.6609983180187,2,0.0,4.444444444444445,2.2222222222222223,0.0,0.0,17.050298380221655,8.525149190110827,0.0,False,False,False
T00057,D04,V04,2026-07-31,2026-07-31 11:34:00,2026-07-31 12:03:00,29,16.38,28.4,40.0,12.915647,77.645074,12.861201,77.558658,28.417241379310347,31.3,9.317766016959109,40.0,37.82,38.86,39.86,37.8,14.028551112121976,37.8,-34.3,1,1,1.0216869844314183,1.0111122588516075,0.056254037778762575,1.2101619726301105,1.1014311020518648,1.1800661083904211,0.04243959479723281,0.040142447407141235,0.03841561055247131,0.20153617482400654,0.09280530424576074,0.17144031058431713,1,3.255770664566137,3.3601190455101437,1.1166445913150247,5.452788277569559,5.079714837105589,5.382373667667756,0,2.0689655172413794,0.0,2.0689655172413794,2.0689655172413794,6.105006105006105,0.0,6.105006105006105,6.105006105006105,False,False,False
T00058,D04,V04,2026-08-02,2026-08-02 07:43:00,2026-08-02 08:03:00,20,9.66,25.4,43.6,12.920892,77.645038,12.888109,77.696147,25.415,26.2,10.102958138975671,43.6,36.28,37.330000000000005,42.34599999999999,39.5,12.661191221914892,25.0,-22.4,1,0,1.0030481537494675,0.993285123495852,0.04336626459630268,1.0956121576543407,1.0944044605332803,1.0953706182301286,0.03330051928877577,0.024175337071021208,0.027314672904871478,0.09324718761248574,0.08729940123644922,0.09205763033727843,0,6.687492414367776,3.4325179307506897,11.113714392008188,41.88998687037273,36.26336739617734,40.764662975533646,2,0.0,6.0,3.0,0.0,0.0,20.70393374741201,10.351966873706004,0.0,False,False,False
T00059,D04,V04,2026-08-03,2026-08-03 17:10:00,2026-08-03 17:42:00,32,18.54,26.9,36.5,12.903764,77.648834,12.804023,77.618057,26.878125,28.55,8.037602530324815,36.5,34.78,35.68,36.314,35.6,8.62318470845482,24.4,-18.3,0,0,1.0037992253433818,0.9954000842348425,0.04216965978614187,1.1235524019822127,1.0793852063519207,1.117456055929977,0.03320513766833483,0.02960183898939972,0.02577167405663373,0.11492660417610878,0.08043144471249389,0.10883025812387312,0,6.435968142872806,3.926803962227975,9.10947158632802,36.279253024283726,32.73013312076725,35.53359495395728,3,0.0,5.625,0.0,0.0,0.0,16.181229773462785,0.0,0.0,False,False,False
T00060,D04,V04,2026-07-31,2026-07-31 19:45:00,2026-07-31 20:16:00,31,9.64,20.2,45.7,12.92462,77.639536,12.879808,77.599324,20.20967741935484,19.8,10.93289698840796,45.7,32.1,33.9,42.57999999999999,44.800000000000004,15.33500458400316,28.8,-41.800000000000004,2,2,1.0036310954217436,1.001583246664999,0.034441425337850134,1.0631288727148744,1.0595402021158784,1.0621258175883073,0.0275056231430882,0.026605577298031813,0.020741563384552505,0.0949951284434779,0.05507414264727151,0.08319015302616627,0,3.654498074734695,3.320391543176798,1.459357832228186,7.6356335689974015,5.706391603871708,7.07446886671577,1,0.0,1.9354838709677418,3.8709677419354835,3.8709677419354835,0.0,10.37344398340249,20.74688796680498,20.74688796680498,False,False,False
T00061,D05,V05,2026-08-05,2026-08-05 12:32:00,2026-08-05 13:14:00,42,19.04,33.1,47.8,12.984144,77.557374,12.915988,77.666649,33.05714285714286,34.1,6.724224240582006,47.8,39.14,39.2,45.21699999999998,46.9,9.66858005013303,38.300000000000004,-27.1,1,1,1.0063866080761932,1.0040954763250323,0.029078444604615037,1.1031178540845037,1.0431661087736852,1.083547092891671,0.023222694978578574,0.02207976970928316,0.017269775321504394,0.09449205627839974,0.046729175901729696,0.07584900181408433,0,3.737050543565355,2.5966561884145705,6.0959737529506475,41.2210977534563,6.281629300942087,26.96914604732524,1,0.0,1.4285714285714286,1.4285714285714286,1.4285714285714286,0.0,5.2521008403361344,5.2521008403361344,5.2521008403361344,False,False,False
T00062,D05,V05,2026-08-04,2026-08-04 14:07:00,2026-08-04 14:48:00,41,33.4,23.4,34.1,12.991789,77.537085,12.991341,77.342497,23.358536585365854,23.0,4.516855964592855,34.1,29.4,30.0,32.980000000000004,24.900000000000002,6.510682591316986,14.2,-14.900000000000002,0,0,0.993322589990292,0.9887557838010355,0.040441785573248845,1.0881066124236174,1.0417298114194486,1.0738764613305398,0.03607321514660432,0.030849550626941058,0.023275998834730558,0.08350688653036953,0.07948081461751344,0.08205371079913969,0,3.9481713803753795,2.9829347964714215,6.416360441867679,43.291200029567214,5.079222381428087,28.702432612571442,1,0.0,1.4634146341463414,0.0,0.0,0.0,2.9940119760479047,0.0,0.0,False,False,False
T00063,D05,V05,2026-08-01,2026-08-01 14:13:00,2026-08-01 14:58:00,45,28.5,18.7,30.0,12.97516,77.565401,12.792549,77.555381,18.73111111111111,19.3,5.94852243770831,30.0,26.120000000000005,27.38,29.78,28.9,8.654100446924254,26.4,-18.9,1,0,1.0052416675677316,1.009463719011238,0.03521638963545428,1.0737322757559262,1.0540770326788218,1.0666357884897535,0.02940444962627767,0.0294659538582428,0.019173798965668485,0.08138634653151533,0.0644403337360442,0.07690931213995861,0,3.6995846679665854,3.111462678548467,4.541584369630062,32.399953703670626,5.197672178080373,20.476044639025723,1,0.0,1.3333333333333333,1.3333333333333333,0.0,0.0,3.5087719298245617,3.5087719298245617,0.0,False,False,False
T00064,D05,V05,2026-08-01,2026-08-01 15:34:00,2026-08-01 16:00:00,26,17.15,31.7,42.0,12.993866,77.562069,13.073685,77.624457,31.734615384615385,31.75,4.414788086211369,42.0,37.2,38.75,41.3,17.8,6.260259272094579,11.899999999999999,-15.8,0,0,1.0213684695929661,1.0109525697385076,0.06707091242986853,1.2050580898861265,1.1812003576614996,1.2026679139216179,0.044074751432690275,0.027103160097403434,0.05144988769089707,0.19643229208002255,0.17257455985539571,0.19404211611551386,2,4.6001672679801455,2.798798193020511,8.45660165497159,45.50683575024746,6.265547708665512,35.77478103166295,1,4.615384615384615,2.3076923076923075,0.0,0.0,11.661807580174928,5.830903790087464,0.0,0.0,False,False,False
T00065,D05,V05,2026-08-04,2026-08-04 17:30:00,2026-08-04 18:14:00,44,15.93,26.5,37.5,12.989941,77.554711,12.896849,77.611197,26.488636363636363,28.95,9.290285396499636,37.5,35.01,35.585,37.328,37.5,13.315709458877308,28.7,-28.8,4,3,1.0017916837705445,1.0086051055268175,0.03487038539606178,1.0706357924149557,1.0502962955800574,1.0635136102794363,0.02510695443753457,0.01722020155780124,0.024874010156675463,0.09972701356222569,0.07623085573851143,0.09634010022304867,0,3.356335660190757,3.3359265000193754,1.3092380279064384,6.495205924372221,5.340061573173271,6.243436409050397,0,0.0,0.0,5.454545454545455,4.090909090909091,0.0,0.0,25.109855618330194,18.832391713747647,False,False,False
T00066,D05,V05,2026-08-06,2026-08-06 14:14:00,2026-08-06 14:36:00,22,14.07,22.1,30.8,12.986686,77.550906,12.984215,77.648928,22.113636363636363,23.4,7.34900676506019,30.8,29.290000000000003,29.97,30.632,27.7,11.509314879884423,24.299999999999997,-22.9,0,0,1.0100177430058688,1.0161939613119562,0.03453672572044925,1.0665247301399061,1.062069460003629,1.0656311821591593,0.026102992500886327,0.013744062349864417,0.021931779898577274,0.06561678406339333,0.06203696054743124,0.06488192973041752,0,2.951144843152112,2.97796983591349,1.3145028124769738,6.865427881785664,4.39956403819155,6.3495213215401645,0,0.0,0.0,0.0,0.0,0.0,0.0,0.0,0.0,False,False,False
T00067,D05,V05,2026-08-05,2026-08-05 12:38:00,2026-08-05 13:19:00,41,12.07,24.1,33.0,12.983506,77.562731,12.990538,77.647425,24.13658536585366,26.3,7.8894789465959345,33.0,31.1,31.6,32.84,33.0,11.600743247845763,27.6,-29.1,2,2,1.0034465945590674,0.9995989195672432,0.04339619988554372,1.1086938260854526,1.0664750348695462,1.0983209943096908,0.03498607718725195,0.03085965182751149,0.02561442323303167,0.10006802827934869,0.07642142107319028,0.09475686862905121,0,5.374278843697193,3.6242102588012193,8.466149513382305,45.485595522099075,5.906953529527721,42.50801502775116,2,0.0,2.926829268292683,2.926829268292683,2.926829268292683,0.0,16.570008285004143,16.570008285004143,16.570008285004143,False,False,False
T00068,D05,V05,2026-08-01,2026-08-01 10:14:00,2026-08-01 10:41:00,27,9.12,23.8,34.5,12.989916,77.555536,12.946948,77.518915,23.788888888888888,27.1,9.807663147266856,34.5,31.320000000000004,33.22,34.292,34.5,15.436254361662634,29.9,-31.1,2,2,1.0023347931198106,0.9989304280078768,0.033753055439810956,1.0789230741809168,1.0613433165106174,1.0746551242980413,0.026989778023006356,0.022027601983711453,0.020588888283821345,0.07029727637481287,0.06783925409049688,0.06976299951360414,0,4.679040061488005,3.367105581950171,8.341373643519253,45.81520599102442,5.499807994003836,35.37699380822674,1,0.0,2.2222222222222223,4.444444444444445,4.444444444444445,0.0,10.964912280701755,21.92982456140351,21.92982456140351,False,False,False
T00069,D05,V05,2026-08-02,2026-08-02 10:27:00,2026-08-02 10:54:00,27,19.08,19.2,24.7,12.997166,77.565687,13.090741,77.623785,19.18888888888889,20.3,4.6903610926545065,24.7,23.380000000000003,24.27,24.674,19.2,6.958744933831894,15.399999999999999,-17.2,0,0,1.0365642063486524,1.0212414014325897,0.12358871699080713,1.6290936130253535,1.0737406212145688,1.4852286165053465,0.05092752021189787,0.024829087517875603,0.11572113176995817,0.6204678152192495,0.06608303989693706,0.4766028186992427,1,3.065690045056091,2.839859151436916,1.683234098468087,8.825893722451001,5.578873074243542,7.9986511978494566,1,2.2222222222222223,2.2222222222222223,0.0,0.0,5.241090146750525,5.241090146750525,0.0,0.0,False,False,False
T00070,D05,V05,2026-08-05,2026-08-05 10:07:00,2026-08-05 10:46:00,39,19.7,20.5,29.7,13.002779,77.562167,13.108974,77.461605,20.47948717948718,21.7,6.394865517995853,29.7,26.180000000000003,27.32,29.205999999999996,28.8,9.37402950442325,20.900000000000002,-22.900000000000002,0,0,1.0260591961001397,1.0017110361775994,0.14386447550194295,1.662805761356389,1.1531361332817949,1.6211795185034144,0.06495262546323187,0.04027771989196882,0.12914736899270296,0.654179963550285,0.14451033547569095,0.6125537206973104,2,5.387783687293084,4.014648178857022,7.2711392190354065,41.575634691487274,10.60680549642071,36.33879988399354,3,3.0769230769230766,4.615384615384615,0.0,0.0,10.152284263959391,15.228426395939088,0.0,0.0,False,False,False
T00071,D05,V05,2026-08-01,2026-08-01 09:34:00,2026-08-01 10:01:00,27,10.77,18.4,25.2,12.997429,77.550276,13.017768,77.488565,18.400000000000002,18.9,5.168469495225538,25.2,23.880000000000003,24.63,25.122,21.599999999999998,6.961250092404586,20.4,-14.200000000000001,0,0,1.0210764128012992,0.9968896629015671,0.08816568732580665,1.4204689366543712,1.0915329584279527,1.3362496690220704,0.04469590351482062,0.03255920171749693,0.07654808382688044,0.4118431388482673,0.08290716062184876,0.3276238712159665,1,3.340112135774505,2.814196155210223,1.8281145694214003,7.184712937898077,6.485907442164347,7.017709631514731,0,2.2222222222222223,0.0,0.0,0.0,9.285051067780874,0.0,0.0,0.0,False,False,False
T00072,D05,V05,2026-08-03,2026-08-03 14:34:00,2026-08-03 15:00:00,26,19.89,17.9,25.7,12.975241,77.552537,12.942003,77.665367,17.857692307692307,18.35,3.858204046125407,25.7,22.85,23.55,25.2,14.799999999999999,5.796658188460499,10.2,-8.700000000000001,0,0,1.020473569284318,0.9933579575058492,0.10843856402502167,1.5302787327804044,1.0544655047459366,1.4114697128768563,0.046344987708298896,0.02674074684995159,0.09834192617220305,0.5216529349743004,0.06566426100875222,0.40904238497749457,1,3.302781374904174,2.8931316995436696,1.876879483922593,9.94247957000667,6.070886711224972,9.078143890713779,1,2.3076923076923075,2.3076923076923075,0.0,0.0,5.027652086475616,5.027652086475616,0.0,0.0,False,False,False
T00073,D05,V05,2026-08-04,2026-08-04 10:36:00,2026-08-04 10:58:00,22,13.51,19.3,25.9,12.982206,77.565233,12.994735,77.657399,19.286363636363635,19.7,3.719612813253482,25.9,24.340000000000003,24.595000000000002,25.627,13.899999999999999,5.520322548453218,10.9,-9.899999999999999,0,0,1.0112440846329767,1.0128420467358428,0.03742473620856446,1.0697915684842538,1.0658216211328773,1.069062013038472,0.030584240663378715,0.02627853792120649,0.020684639760948052,0.0682529993904969,0.06192336570700007,0.06693214973570248,0,4.253138089280801,3.0343530722441,5.573450930024436,28.816347790794033,5.058540641556972,23.829183898318306,1,0.0,2.7272727272727275,0.0,0.0,0.0,7.401924500370097,0.0,0.0,False,False,False
T00074,D05,V05,2026-08-06,2026-08-06 15:23:00,2026-08-06 15:35:00,12,7.0,26.6,35.0,13.010099,77.554402,13.049137,77.546174,26.625,28.0,8.064752151971398,35.0,32.440000000000005,33.68,34.736000000000004,32.0,8.706145513197542,6.900000000000002,-25.2,0,1,0.9979107559028261,1.00325628818337,0.03042349427274886,1.0384685840216834,1.0325120681340207,1.0372772808441508,0.024910733009817082,0.021380195040546168,0.019335998195159083,0.06172242364377689,0.06154529735717616,0.06168699838645675,0,3.271848171590875,3.114389463726128,1.7022155216788755,6.877354142400986,5.578575506453753,6.617598415211541,0,0.0,0.0,0.0,5.0,0.0,0.0,0.0,14.285714285714285,False,False,False
T00075,D05,V05,2026-08-05,2026-08-05 13:50:00,2026-08-05 14:31:00,41,19.37,20.0,30.2,13.003878,77.565291,13.086413,77.449866,20.01219512195122,21.2,5.885201573521132,30.2,24.6,26.2,29.68,30.099999999999998,8.409882398180102,23.9,-22.7,0,0,1.02095521633655,1.0160123030751151,0.07772938563418683,1.4621347407130438,1.060525341517118,1.310240703999127,0.03544468526470731,0.019036598119717585,0.07007095304081061,0.4535089429069399,0.0737738511221464,0.30544672793635286,1,4.047137206089603,3.340149697244122,3.888205556032548,26.334390063185438,6.4098907947015755,19.047338212917076,2,1.4634146341463414,2.926829268292683,0.0,0.0,5.162622612287041,10.325245224574083,0.0,0.0,False,False,False
T00076,D06,V06,2026-08-04,2026-08-04 19:27:00,2026-08-04 19:46:00,19,9.64,21.8,52.7,12.842302,77.660492,12.797065,77.693597,21.757894736842108,25.5,14.551949689511774,52.7,35.86,38.83999999999997,49.928000000000004,52.7,21.199700704055246,50.2,-31.9,2,2,1.0240979528914387,1.0175740759276448,0.05354296031522945,1.1748757381102053,1.1352252266469562,1.1669456358175556,0.0347859975763575,0.017515814000068408,0.04292136993268539,0.16624994030410134,0.12659942884085232,0.15831983801145158,1,4.654789315698771,3.442295745574456,5.533389016299518,27.104228452402033,7.330658553513058,23.149514472624254,1,3.1578947368421053,3.1578947368421053,6.315789473684211,6.315789473684211,10.37344398340249,10.37344398340249,20.74688796680498,20.74688796680498,False,False,False
T00077,D06,V06,2026-08-01,2026-08-01 12:52:00,2026-08-01 13:30:00,38,14.71,23.0,51.3,12.855131,77.665296,12.837175,77.760075,23.031578947368423,25.8,14.78673812801768,51.3,40.73000000000001,44.50999999999999,51.114999999999995,51.3,22.21103825766912,36.7,-49.699999999999996,6,4,1.0203689651287646,1.0115607725760574,0.05875226276908372,1.1849881855951139,1.1482245643311448,1.1815832639857669,0.042791134499462126,0.030649105298163226,0.04138704588580248,0.17636238778900992,0.13959876652504094,0.17295746617966284,2,4.331937101986466,3.088110212502497,7.139936209663671,46.387302141857745,6.101935465955528,31.658977067945013,1,3.1578947368421053,1.5789473684210527,9.473684210526317,6.315789473684211,13.596193065941536,6.798096532970768,40.7885791978246,27.192386131883072,False,False,False
T00078,D06,V06,2026-08-05,2026-08-05 08:36:00,2026-08-05 09:06:00,30,16.2,28.4,70.0,12.847949,77.654515,12.760488,77.709523,28.45,26.45,17.06708366498466,70.0,43.89000000000003,62.12499999999998,68.434,66.8,23.18485063248359,53.1,-59.8,3,5,1.0229275085024327,1.029217128451644,0.052744789077529865,1.174471796170517,1.1173931037767146,1.160177042237438,0.041202767001033515,0.03190854841494517,0.03517664687670378,0.16584599836441294,0.10876730597061078,0.15155124443133405,1,4.278891346111256,3.426019332475901,5.591636813736379,32.88897383622663,6.666781482290123,25.576080075778357,2,2.0,4.0,6.0,10.0,6.172839506172839,12.345679012345679,18.51851851851852,30.864197530864196,False,False,False
T00079,D06,V06,2026-08-03,2026-08-03 21:52:00,2026-08-03 22:08:00,16,10.56,26.1,58.1,12.841878,77.666515,12.888256,77.696051,26.11875,27.450000000000003,15.025454790676608,58.1,41.2,50.375,56.555,58.1,23.08151406790002,45.3,-34.6,3,3,1.0286322431910102,1.0028076739882141,0.08903494905009075,1.283590277308145,1.2142665790313127,1.2697255376527785,0.05474858987813144,0.032714219422076474,0.07181175785715053,0.27496447950204095,0.20564078122520885,0.2610997398466745,2,4.096882689828629,2.4663942537414822,6.285334441446589,27.24945137062396,10.828239926183322,23.965209081735825,1,7.5,3.75,11.25,11.25,18.93939393939394,9.46969696969697,28.40909090909091,28.40909090909091,True,False,True
T00080,D06,V06,2026-08-02,2026-08-02 12:14:00,2026-08-02 12:54:00,40,3.39,17.7,54.4,12.845772,77.661596,12.831244,77.673541,17.73,17.5,14.179168540955443,54.4,35.34,38.09499999999998,50.967999999999996,54.4,19.18114458764929,36.6,-53.3,3,3,1.0243562297424504,1.0034368226592532,0.06990737159202044,1.2480360571714264,1.2149586780440118,1.2364643011447538,0.046330019916565345,0.029689942891945265,0.054215527450021096,0.23941025936532245,0.2063328802379079,0.22783850333864994,3,5.165477695759958,3.2874907119688803,8.970891112847745,50.330785807495594,7.893615239189142,44.20340473139124,2,4.5,3.0,4.5,4.5,88.49557522123894,58.99705014749263,88.49557522123894,88.49557522123894,False,False,False
T00081,D06,V06,2026-07-31,2026-07-31 20:44:00,2026-07-31 21:20:00,36,12.28,25.7,58.3,12.854546,77.655246,12.852115,77.576725,25.672222222222224,26.9,15.796918526112455,58.3,44.95,48.025,56.934999999999995,58.3,26.510437597054135,55.699999999999996,-45.8,6,7,1.0199149110936832,1.0060967669197227,0.05893159924511006,1.1809695169647692,1.1528968266941875,1.1721322286671836,0.041637113620757615,0.027629657478958958,0.042671262718263755,0.1723437191586652,0.14427102888808363,0.16350643086107955,3,6.22075536139749,3.0461447307109184,10.297982324446165,44.10781903472444,35.32107790488307,42.87211893427569,3,5.0,5.0,10.0,11.666666666666668,24.4299674267101,24.4299674267101,48.8599348534202,57.00325732899023,False,False,False
T00082,D06,V06,2026-08-04,2026-08-04 11:07:00,2026-08-04 11:50:00,43,13.82,24.9,55.3,12.843342,77.661513,12.915514,77.595901,24.934883720930234,26.6,15.177362273511013,55.3,42.48,45.97,53.157999999999994,55.3,23.786710277485362,44.9,-45.4,6,9,1.0239017089928468,1.0072462459597455,0.07173719959249543,1.269501083103122,1.1911343767404234,1.250039822231063,0.04450652422007802,0.02478383895295555,0.05794084888021194,0.260875285297018,0.18250857893431943,0.24141402442495893,4,5.913722134257785,3.0625806111839733,10.054199895125501,47.46721500151447,33.458172852454304,44.82064575018759,3,5.5813953488372094,4.186046511627907,8.372093023255815,12.55813953488372,28.943560057887122,21.70767004341534,43.41534008683068,65.12301013024603,False,False,False
T00083,D06,V06,2026-08-05,2026-08-05 11:20:00,2026-08-05 11:56:00,36,17.44,23.3,48.7,12.836062,77.655783,12.79763,77.780427,23.333333333333332,24.1,13.727303345626815,48.7,41.85,45.7,47.65,48.7,15.793642230993932,40.2,-33.0,3,1,1.009313640640437,1.0012424724474598,0.05177729602200923,1.223792874631978,1.0740351099834924,1.1812150703901259,0.035620266855470026,0.03265813082656743,0.03709878828442144,0.215167076825874,0.07392347505863037,0.17258927258402196,1,6.946169050339105,3.5586426466508048,11.387043864307241,47.700411947906694,38.663176973270296,47.51971837008013,4,1.6666666666666667,6.666666666666667,5.0,1.6666666666666667,5.73394495412844,22.93577981651376,17.201834862385322,5.73394495412844,False,True,True
T00084,D06,V06,2026-08-06,2026-08-06 21:37:00,2026-08-06 22:17:00,40,10.42,24.3,48.2,12.836198,77.669301,12.884194,77.69862,24.25,22.35,12.65425842988266,48.2,39.92,43.69,47.108,47.900000000000006,16.66585331348703,33.5,-27.400000000000002,4,1,1.0102770525026028,0.9972351964104025,0.059919836933237866,1.2353420578932783,1.1012835420208,1.2205438801347006,0.03928989626555733,0.027812417329017403,0.0448319698219991,0.22671626008717438,0.10135552312336604,0.21191808232859669,2,4.187228937867522,3.5247768837255977,5.133248466353228,34.64974891683921,5.884577344301762,23.980634245635752,1,3.0,1.5,6.0,1.5,19.193857965451055,9.596928982725528,38.38771593090211,9.596928982725528,False,False,False
T00085,D06,V06,2026-08-03,2026-08-03 07:11:00,2026-08-03 07:31:00,20,11.43,25.4,49.3,12.847721,77.671209,12.884424,77.734127,25.380000000000003,25.9,12.902614994031657,49.3,38.67,40.65500000000001,47.570999999999984,49.3,16.370557653749515,38.5,-26.5,2,1,1.0148498225380158,1.0200172988763585,0.0339835516646639,1.0822333389800924,1.0607907667618497,1.0779448245364438,0.02869662078772215,0.02724504331526656,0.018133427515496105,0.07360754117398849,0.05681501540784908,0.07024903602076059,0,9.969676260288539,3.6767820612832525,16.475582739156092,54.20178687091414,53.71155668273116,54.10374083327754,3,0.0,9.0,6.0,3.0,0.0,26.246719160104988,17.497812773403325,8.748906386701663,False,True,True
T00086,D06,V06,2026-08-04,2026-08-04 11:34:00,2026-08-04 11:56:00,22,12.86,36.4,61.3,12.862148,77.654492,12.922864,77.58018,36.43181818181818,38.650000000000006,15.99364118772078,61.3,56.750000000000014,57.59,60.522999999999996,57.4,19.848962702023506,53.5,-35.9,3,2,1.0251965873987423,1.0095203513190638,0.06337607258091334,1.1932744864447575,1.1144537557727998,1.176955563073871,0.04821261162175217,0.03829499350763882,0.0432325006462806,0.18464868863865358,0.10582795796669593,0.1683297652677671,1,4.214988059256662,3.113718592706155,5.430942497030646,28.04889659148823,5.116082655248295,23.235342768031177,1,2.7272727272727275,2.7272727272727275,8.181818181818182,5.454545454545455,7.776049766718508,7.776049766718508,23.328149300155523,15.552099533437016,False,False,False
T00087,D06,V06,2026-08-05,2026-08-05 19:10:00,2026-08-05 19:46:00,36,17.77,25.5,49.6,12.86741,77.655211,12.989774,77.626487,25.522222222222222,27.3,13.855377730812396,49.6,39.6,46.175000000000004,48.9,49.6,18.745803339871642,36.3,-48.7,3,2,1.014609865373628,0.9996741187384856,0.07431718876628245,1.3727647285678635,1.0964679999365095,1.2788994435825396,0.041685430275733175,0.027773037326999095,0.061421118271436446,0.3641389307617595,0.09027241937346292,0.27027364577643553,1,7.685404472299818,3.371724747135613,13.193135218738941,53.746975728872414,42.7135615985182,50.181882130724965,4,1.6666666666666667,6.666666666666667,5.0,3.3333333333333335,5.627462014631401,22.509848058525606,16.882386043894204,11.254924029262803,False,True,True
T00088,D06,V06,2026-08-01,2026-08-01 07:10:00,2026-08-01 07:52:00,42,18.52,27.9,73.6,12.842659,77.660384,12.89142,77.565536,27.93095238095238,27.1,17.721579625888364,73.6,48.16,51.54999999999999,68.26999999999995,73.6,25.154555931048936,51.7,-70.5,7,5,1.040111636777886,1.0290532038435416,0.07337589283913144,1.2779319230694568,1.2295646238346467,1.2600304627105796,0.051934811765364935,0.031087831087905027,0.060303801950877686,0.26930612526335285,0.22093882602854273,0.25140466490447577,4,5.689427488842865,2.8638108068482744,10.328663672525852,50.149650048629454,34.06244425868143,45.84470356627344,3,5.714285714285714,4.285714285714286,10.0,7.142857142857143,21.598272138228943,16.198704103671705,37.796976241900644,26.997840172786177,False,False,False
T00089,D06,V06,2026-08-06,2026-08-06 07:53:00,2026-08-06 08:31:00,38,17.55,35.8,63.4,12.844411,77.656227,12.951768,77.581461,35.81578947368421,38.400000000000006,16.93444476887732,63.4,57.54,60.089999999999996,62.364000000000004,62.9,22.16184824830589,36.599999999999994,-48.5,7,5,1.0278321061300446,1.0104110194358031,0.07974709028234432,1.2323656113345585,1.1955093044354592,1.2313734542781745,0.056769132763577465,0.034465848613313144,0.05855437741000825,0.2237398135284545,0.1868835066293552,0.22274765647207057,4,3.9218063830188328,3.382784652627839,4.500730626501879,29.998189945395037,5.145424847048886,20.98125634971078,1,6.315789473684211,1.5789473684210527,11.052631578947368,7.894736842105264,22.79202279202279,5.698005698005698,39.88603988603988,28.490028490028486,False,False,False
T00090,D06,V06,2026-08-04,2026-08-04 08:24:00,2026-08-04 08:38:00,14,26.46,17.4,44.2,12.86065,77.65188,12.9099,77.688694,17.357142857142858,15.600000000000001,12.93669285319946,44.2,34.24,37.96,42.952,42.400000000000006,19.694653985393995,41.2,-36.1,2,1,1.0285850977133126,1.034621452181658,0.06029016673830996,1.1199299085210646,1.1103351654877378,1.1180109599143992,0.051384879725922754,0.04928167768861763,0.03493433808432475,0.1113041107149606,0.10170936768163392,0.10938516210829526,0,5.8081321262382515,2.561304496921715,12.087894824856258,47.54245050478572,20.09316887753714,42.052594179335976,1,0.0,4.285714285714286,8.571428571428571,4.285714285714286,0.0,3.7792894935752077,7.558578987150415,3.7792894935752077,False,False,False
T00091,D07,V07,2026-08-02,2026-08-02 06:12:00,2026-08-02 06:56:00,44,10.44,16.2,34.5,12.901074,77.627179,12.957798,77.569578,16.213636363636365,15.950000000000001,9.08987657984345,34.5,29.210000000000004,30.965000000000003,33.769,34.1,11.978033762343442,21.0,-29.099999999999998,0,1,1.021189165512249,1.0093296466449415,0.06240421172754243,1.2365193083813937,1.1440421993632437,1.227706260611045,0.04053361868646877,0.02314266839570428,0.04872998623326136,0.22789351057528973,0.13613055681334887,0.21908046280494098,3,4.076777865927507,3.123373440678293,5.588269520815562,39.47117175863924,5.717545590129678,25.1724799522121,1,4.090909090909091,1.3636363636363638,0.0,1.3636363636363638,28.73563218390805,9.578544061302683,0.0,9.578544061302683,False,False,False
T00092,D07,V07,2026-08-05,2026-08-05 11:21:00,2026-08-05 12:02:00,41,16.75,30.9,44.8,12.899716,77.622209,13.007264,77.609265,30.931707317073172,32.2,8.497983261468283,44.8,40.7,41.8,44.76,41.8,12.45481834472105,32.7,-34.4,1,1,1.025752564143854,1.0094726345968967,0.08843256798892671,1.4930766892561147,1.0890601452628776,1.3650801129113352,0.04737737204051714,0.029150428028997255,0.07629054720888766,0.48445089145001075,0.08259772047799174,0.3564543151052313,2,5.551050069811775,2.6212401645022916,9.157479140052889,41.94645873014789,30.77199376056092,38.56208831687766,4,2.926829268292683,5.853658536585366,1.4634146341463414,1.4634146341463414,11.940298507462686,23.88059701492537,5.970149253731343,5.970149253731343,False,False,False
T00093,D07,V07,2026-08-03,2026-08-03 11:40:00,2026-08-03 12:12:00,32,19.64,17.4,30.8,12.915181,77.623689,12.927377,77.760074,17.396875,18.05,8.425594049124676,30.8,27.87,28.75,30.335,30.8,11.961480094385776,20.4,-30.8,0,1,1.002345252490736,0.9945475365652554,0.042107325964785614,1.0891749170817329,1.0846969904726014,1.08884801608895,0.03416743432463236,0.02496895769569335,0.024671289107640614,0.08424654663264752,0.07996913364327232,0.08310034415197176,0,5.261842288252251,3.0441029975495417,8.830803681457843,45.618935761369976,16.463592043554705,40.71186213330798,2,0.0,3.75,0.0,1.875,0.0,10.183299389002036,0.0,5.091649694501018,False,False,False
T00094,D07,V07,2026-08-04,2026-08-04 20:09:00,2026-08-04 20:53:00,44,25.77,28.5,48.6,12.905751,77.603948,12.774824,77.516381,28.51590909090909,32.2,12.42325170296667,48.6,41.86,42.785,46.278000000000006,48.1,16.5297110616044,37.4,-42.3,2,4,1.0169094252851119,1.0121738351861298,0.04893296642069604,1.2629069641109751,1.0664924361146262,1.1912932894211372,0.028985830886238375,0.019871937260226957,0.04006160307702336,0.2542811663048712,0.07407592724031639,0.18266749161503315,1,3.185082905279165,3.0768834641632528,1.295298861140863,7.175994704568838,5.356181564904781,6.514514203366527,0,1.3636363636363638,0.0,2.7272727272727275,5.454545454545455,3.880481179666279,0.0,7.760962359332558,15.521924718665115,False,False,False
T00095,D07,V07,2026-07-31,2026-07-31 06:56:00,2026-07-31 07:38:00,42,19.42,18.1,32.4,12.917436,77.624152,13.045869,77.568591,18.07857142857143,19.3,7.872568481427996,32.4,28.619999999999997,28.995,31.62099999999999,32.4,11.177198043228946,20.299999999999997,-22.9,0,0,1.0447879479400857,1.0163412144643673,0.09427955850710427,1.4822334498991716,1.195982706534851,1.3743179937437648,0.055548710775275865,0.029731289205743527,0.08406730727508196,0.47360765209306765,0.18735690872874702,0.3656921959376609,5,5.043040248442078,3.194871568316558,7.829550951533333,43.17605818043143,8.370265497465319,39.3625061672803,3,7.142857142857143,4.285714285714286,0.0,0.0,25.746652935118433,15.44799176107106,0.0,0.0,True,False,True
T00096,D07,V07,2026-08-01,2026-08-01 12:56:00,2026-08-01 13:12:00,16,6.28,31.3,43.8,12.895326,77.611009,12.876406,77.57572,31.25625,32.85,9.231971169076877,43.8,40.05,41.025,43.245,40.0,12.622702761294825,22.3,-31.2,0,1,1.0057948292857546,1.006252141395553,0.029102327641886527,1.049459861071399,1.0433631246766923,1.0482405137924578,0.026123060320066706,0.025885398199207987,0.011295378845863055,0.051987935289676046,0.04362253127139029,0.05031485448601889,0,2.928727891764805,2.9111215460558038,1.1325795623555426,4.917946726022965,4.484287942719703,4.831214969362312,0,0.0,0.0,0.0,3.75,0.0,0.0,0.0,15.923566878980889,False,False,False
T00097,D07,V07,2026-08-04,2026-08-04 19:41:00,2026-08-04 19:57:00,16,9.24,22.0,33.5,12.913118,77.614918,12.953989,77.57248,21.9625,22.4,7.337018013698298,33.5,29.55,31.25,33.05,30.0,9.785150313953622,16.4,-21.3,0,0,1.004987534016961,1.0103228623858829,0.030939622415410734,1.049341221910204,1.0426994031909196,1.0480128581663473,0.02379178199896405,0.02227667971648767,0.019172745745864247,0.07611788899245742,0.04956604032618944,0.07080751925920381,0,6.782623759760618,3.7793274793527907,12.40559024240414,53.00963025715233,18.050391515907762,46.0177825089034,1,0.0,3.75,0.0,0.0,0.0,10.822510822510823,0.0,0.0,False,False,False
T00098,D07,V07,2026-08-06,2026-08-06 06:54:00,2026-08-06 07:25:00,31,9.44,27.6,39.9,12.914493,77.617114,12.912236,77.544034,27.629032258064516,28.7,8.157499353289875,39.9,37.2,38.6,39.78,35.699999999999996,12.862886513623822,26.7,-29.099999999999998,2,1,1.0127103427892237,1.006531171896827,0.030533920940343344,1.0766652218772557,1.0694692803929549,1.0762287189156017,0.024918539528769858,0.02046409136782046,0.017547893130301303,0.06803942407115171,0.060843482586850905,0.06760292110949773,0,5.922099918342183,2.9301877072979474,10.648528551357566,53.351924051527895,20.94645263647397,48.140908800317995,2,0.0,3.8709677419354835,3.8709677419354835,1.9354838709677418,0.0,21.186440677966104,21.186440677966104,10.593220338983052,False,False,False
T00099,D07,V07,2026-07-31,2026-07-31 19:53:00,2026-07-31 20:11:00,18,10.56,33.7,47.6,12.905674,77.607258,12.872106,77.554476,33.71111111111111,34.4,8.55823572313888,47.6,44.34,47.089999999999996,47.498,26.3,11.386782843692586,22.8,-22.400000000000002,0,0,1.0076250380373584,1.004440326715622,0.046272269019620636,1.129876099402054,1.090775943006508,1.1220560681229448,0.031203082182416107,0.015710144537491644,0.03333584384941051,0.12125030159595007,0.08215014520040408,0.1134302703168408,0,2.725570181041415,2.664893202948325,1.168141041744169,4.971820592097024,4.704410259609572,4.918338525599533,0,0.0,0.0,0.0,0.0,0.0,0.0,0.0,0.0,False,False,False
T00100,D07,V07,2026-08-05,2026-08-05 20:47:00,2026-08-05 21:29:00,42,12.41,28.4,45.7,12.900148,77.618319,12.816045,77.614996,28.35,32.3,11.109834140712739,45.7,39.39,40.394999999999996,43.731999999999985,44.0,17.213777130910564,37.599999999999994,-32.199999999999996,3,4,1.0144356965176695,1.0118340323550963,0.04131087983129095,1.118700585500875,1.0726234549147768,1.1176758156119115,0.031037726235997442,0.028788146583552554,0.027465076876734603,0.11007478769477097,0.08713241458942107,0.10905001780580756,0,4.2263465413799315,3.2124855360918456,7.124291468940181,48.65059609090108,4.900460551622928,31.43023146541677,1,0.0,1.4285714285714286,4.285714285714286,5.714285714285714,0.0,8.058017727639001,24.174053182917003,32.232070910556004,False,False,False
T00101,D07,V07,2026-08-04,2026-08-04 20:09:00,2026-08-04 20:34:00,25,14.96,27.1,44.1,12.90574,77.608754,12.960935,77.514644,27.148000000000003,30.5,10.732005093799264,44.1,36.82,39.57999999999999,43.13999999999999,42.4,17.004840487343596,38.4,-29.400000000000002,2,3,1.0082974892250343,1.0025891481559133,0.03953760370536208,1.1010885522972256,1.0772789521436252,1.096447958400013,0.03046297590270285,0.020142616360916188,0.02442693416445256,0.09246275449112162,0.0740297265679049,0.08809299458845966,0,4.386377746856946,3.021175268004159,7.273990068922955,38.78967130564527,5.4576254508029285,30.804191279266117,1,0.0,2.4,4.8,7.199999999999999,0.0,6.684491978609625,13.36898395721925,20.053475935828875,False,False,False
T00102,D07,V07,2026-08-02,2026-08-02 09:03:00,2026-08-02 09:23:00,20,11.13,28.5,54.4,12.912821,77.619055,12.906313,77.691861,28.53,32.9,15.516073160300243,54.4,43.190000000000005,47.08500000000001,52.93699999999999,54.3,22.185687064553935,54.3,-35.1,3,2,0.9976887491984876,0.9988963639058035,0.0309857305487458,1.0580373339348663,1.0401712840798607,1.0544641239638652,0.026183571613387562,0.02355693662263636,0.01908841843878597,0.07389909978148879,0.0506359143113987,0.06924646268747074,0,3.301551005186181,3.029796464776842,1.288769694894328,6.167017107159667,5.195793872928624,5.9727724603134575,0,0.0,0.0,9.0,6.0,0.0,0.0,26.954177897574123,17.96945193171608,False,False,False
T00103,D07,V07,2026-08-01,2026-08-01 21:57:00,2026-08-01 22:33:00,36,23.1,30.2,47.4,12.905611,77.606489,12.867658,77.476654,30.180555555555557,28.5,9.706487357710657,47.4,43.8,45.425,46.839999999999996,44.3,14.121576421735663,34.3,-32.4,1,1,1.0138287141489377,1.0143185993653014,0.03719914792265944,1.1173746014654173,1.068799667358551,1.1021429754539636,0.02883381894532401,0.023724666356106205,0.023589770944187616,0.10874880365931339,0.0675053908522345,0.09670290376376374,0,4.5440086697518085,3.3262643596438832,7.33922235571499,46.792783631666964,5.592580923565771,32.3825553416443,1,0.0,1.6666666666666667,1.6666666666666667,1.6666666666666667,0.0,4.329004329004329,4.329004329004329,4.329004329004329,False,False,False
T00104,D07,V07,2026-08-05,2026-08-05 13:12:00,2026-08-05 13:28:00,16,11.59,22.0,34.0,12.912592,77.620884,12.947014,77.661605,22.01875,23.4,9.76123071133963,34.0,32.5,33.175,33.835,30.4,14.270048761888189,23.3,-20.5,0,0,1.0093591234192152,1.0021048270131927,0.03711923088848958,1.1228570701563045,1.0604106026593587,1.1103677766569153,0.024807129965795024,0.021359067218586214,0.026869889759524486,0.11423127235020059,0.0556252710511167,0.10251007209038378,0,6.246101217713312,3.035670354865336,12.263900992341398,51.983294431961504,17.69756397725791,45.126148341020766,1,0.0,3.75,0.0,0.0,0.0,8.628127696289905,0.0,0.0,False,False,False
T00105,D07,V07,2026-08-04,2026-08-04 11:43:00,2026-08-04 12:22:00,39,16.29,17.2,35.0,12.912863,77.62397,12.974639,77.701805,17.22820512820513,18.6,8.74167118546047,35.0,26.9,28.65000000000001,34.81,33.5,12.966211149713217,23.8,-22.4,0,0,1.020325352074397,1.0138693209679441,0.055691315739920685,1.2065740756372978,1.098651130200346,1.1987272497601529,0.037981683459274475,0.027755775835812457,0.04196942528462541,0.19794827783119384,0.09851649583099543,0.19010145195404896,2,5.8927602341933145,3.0265657105042343,9.90209825726756,41.07574101583561,38.24296501047925,40.302207124413535,3,3.0769230769230766,4.615384615384615,0.0,0.0,12.277470841006753,18.41620626151013,0.0,0.0,False,False,False
T00106,D08,V08,2026-08-01,2026-08-01 10:37:00,2026-08-01 11:14:00,37,10.51,26.5,46.3,12.930325,77.676112,12.910083,77.731446,26.532432432432433,28.1,9.979369108706614,46.3,36.019999999999996,39.41999999999999,44.572,45.199999999999996,12.356203533681603,26.299999999999997,-26.900000000000002,1,1,1.0250274493538702,1.0060919441084895,0.06350676661905759,1.2355974263488898,1.191105554015515,1.2221521932554986,0.03865011701979124,0.02263605061067908,0.05267133308998651,0.22697162854278585,0.18247975620941112,0.21352639544939467,3,4.190319786793029,2.8190246540248634,7.865902934542509,50.01899039364949,5.473475756098911,34.174702348501725,1,4.864864864864865,1.6216216216216215,1.6216216216216215,1.6216216216216215,28.544243577545195,9.514747859181732,9.514747859181732,9.514747859181732,False,False,False
T00107,D08,V08,2026-08-04,2026-08-04 14:21:00,2026-08-04 14:54:00,33,18.92,25.3,46.0,12.921304,77.66291,12.803496,77.641325,25.278787878787877,25.2,10.80141071734838,46.0,37.26,42.559999999999995,45.455999999999996,43.9,14.862894870764373,22.4,-43.4,0,2,0.9945281448149799,0.9911392434970981,0.02591595951270454,1.0478821498622828,1.0415827235488757,1.0463009927248357,0.023803320253583928,0.01958535373922965,0.017096411242610885,0.06295513631765537,0.05213344580792698,0.06269012834285063,0,4.15737992935431,3.325176687034841,4.483453747039861,27.547206754950675,5.571750556849462,20.525691315911594,1,0.0,1.8181818181818181,0.0,3.6363636363636362,0.0,5.285412262156448,0.0,10.570824524312895,False,False,False
T00108,D08,V08,2026-08-03,2026-08-03 20:01:00,2026-08-03 20:40:00,39,21.96,21.9,36.9,12.922382,77.655621,12.773892,77.695688,21.869230769230768,23.4,9.030216930603892,36.9,31.94,32.910000000000004,36.10199999999999,35.1,13.09668499639267,31.7,-27.1,2,1,1.001240347832276,1.0022270201905354,0.04301128035496884,1.1488089484331152,1.0706829893279757,1.1220578540148103,0.03028450112793257,0.017863851435426348,0.03105903957007148,0.14018315062701125,0.07139404871098147,0.11502956525425648,1,3.3713381556827167,3.2923244068590813,1.29742236925736,6.149447129620679,5.528961696163701,5.921927653476705,0,1.5384615384615383,0.0,3.0769230769230766,1.5384615384615383,4.553734061930783,0.0,9.107468123861565,4.553734061930783,False,False,False
T00109,D08,V08,2026-08-01,2026-08-01 12:13:00,2026-08-01 12:33:00,20,5.66,29.3,48.0,12.924887,77.6741,12.931233,77.712992,29.314999999999998,31.7,12.739506517749794,48.0,44.49,45.435,47.486999999999995,45.8,15.011048562554462,31.2,-27.2,1,1,0.9981045867437359,0.9973487646023367,0.037764281663970896,1.0868606166385826,1.059010589032153,1.0812906111172966,0.028390801472528836,0.019824256731174106,0.02634771926776462,0.1011138144141489,0.07937876861156215,0.09676680525363153,0,2.7637064450167914,2.5600113085236784,1.3872299872967788,5.565689534999235,4.8422707552131214,5.421005779042011,0,0.0,0.0,3.0,3.0,0.0,0.0,17.667844522968196,17.667844522968196,False,False,False
T00110,D08,V08,2026-08-05,2026-08-05 09:47:00,2026-08-05 10:18:00,31,9.94,20.5,36.4,12.915472,77.674387,12.918827,77.740199,20.532258064516128,20.4,8.329561296842076,36.4,29.2,31.6,35.29,35.8,11.27557070057458,24.200000000000003,-19.5,0,0,1.0298553126311611,1.0001819834410137,0.09768863571002326,1.4737482824417474,1.1500077016202301,1.381940311736181,0.05454597628778203,0.034604237469783694,0.08327272028155248,0.46512248463564343,0.1413819038141262,0.37331451393007714,2,4.950029535615533,3.1027246091137384,7.551713791126157,42.00757193649735,12.71750201077904,34.81181392715784,2,3.8709677419354835,3.8709677419354835,0.0,0.0,20.12072434607646,20.12072434607646,0.0,0.0,False,False,False
T00111,D08,V08,2026-08-02,2026-08-02 21:13:00,2026-08-02 21:54:00,41,12.96,18.8,34.4,12.917386,77.663945,12.918198,77.723992,18.787804878048778,18.7,7.806798163202096,34.4,27.9,31.5,34.28,34.4,11.673708734149407,28.400000000000002,-31.5,1,1,1.0274407723336973,1.007297374165147,0.12509095023219768,1.7511827431767364,1.1192761053466656,1.5142268084793393,0.05297917208367544,0.02881510180406499,0.11460207976555882,0.7425569453706324,0.1106503075405616,0.5056010106732354,2,5.379967835471613,3.2048244881740406,9.468980792119241,52.290291641948215,13.238266502831857,46.439048034750215,3,2.926829268292683,4.390243902439025,1.4634146341463414,1.4634146341463414,15.432098765432096,23.148148148148145,7.716049382716048,7.716049382716048,False,False,False
T00112,D08,V08,2026-08-02,2026-08-02 14:50:00,2026-08-02 15:06:00,16,8.37,29.0,39.8,12.922022,77.656516,12.869593,77.660418,29.04375,29.5,8.075144477551678,39.8,35.1,36.35,39.11,37.0,12.547322091453086,37.0,-25.8,1,1,1.016088355111629,1.0098449147124013,0.05281178763918795,1.1477460520515852,1.1116698790167217,1.1405308174446125,0.03749370348432863,0.023628177246319493,0.03672861289129601,0.13912025424548125,0.10304408121061781,0.13190501963850854,1,5.387318573908213,4.055364056466888,7.236988219471676,31.94088289324514,12.55569389356401,28.063845093308903,1,3.75,3.75,3.75,3.75,11.947431302270012,11.947431302270012,11.947431302270012,11.947431302270012,False,False,False
T00113,D08,V08,2026-08-04,2026-08-04 15:47:00,2026-08-04 16:32:00,45,29.76,18.5,36.9,12.932051,77.642178,13.017894,77.461913,18.506666666666664,19.6,9.371460543974601,36.9,29.960000000000004,32.13999999999999,36.9,35.699999999999996,14.131357780739709,33.199999999999996,-28.599999999999998,2,1,1.015308849919457,1.0106497909760828,0.042676443200112504,1.1829057443431408,1.078266418928093,1.144527689348003,0.028692646057057222,0.01984150843167809,0.03201528524715226,0.17427994653703682,0.08402909967747965,0.1366755862219425,1,4.7553809934931985,2.6431231526359116,8.117489567009791,43.38193863810145,6.21733426614651,41.67766477077038,2,1.3333333333333333,2.6666666666666665,2.6666666666666665,1.3333333333333333,3.3602150537634405,6.720430107526881,6.720430107526881,3.3602150537634405,False,False,False
T00114,D08,V08,2026-08-03,2026-08-03 11:45:00,2026-08-03 12:25:00,40,14.46,20.3,40.3,12.918595,77.674148,12.883592,77.773478,20.302500000000002,21.299999999999997,10.125582920858408,40.3,30.77,36.26999999999999,39.988,40.3,12.566274563698519,28.1,-32.1,1,1,1.02732308876251,1.008532998147533,0.05508474864970337,1.2003720256653767,1.1444079324832768,1.1929991857968796,0.037455125507954184,0.027355371382594307,0.044204345508023185,0.19174622785927276,0.13578213467717293,0.18437338799077552,2,5.066354514738181,2.9230985940816634,9.2819970182699,50.244523084610925,7.616412387517579,45.50082660314033,2,3.0,3.0,1.5,1.5,13.831258644536652,13.831258644536652,6.915629322268326,6.915629322268326,False,False,False
T00115,D08,V08,2026-08-05,2026-08-05 20:09:00,2026-08-05 20:20:00,11,8.99,24.9,40.4,12.918453,77.670324,12.885359,77.659762,24.936363636363637,28.5,14.278254285960362,40.4,38.9,39.65,40.25,38.4,16.026058325569185,28.6,-35.9,1,1,1.0132915814843957,1.0096959938516146,0.06187235232425972,1.1742389024385114,1.1032594516067475,1.1600430122721586,0.035308853769139545,0.014421090514894153,0.049807105951497295,0.16561310463240742,0.12211972003653765,0.1569144277132335,1,2.9619384035589316,2.9501694866566566,0.9847095931669625,4.550450527145636,4.31793180147786,4.503946782012081,0,5.454545454545455,0.0,5.454545454545455,5.454545454545455,11.123470522803114,0.0,11.123470522803114,11.123470522803114,False,False,False
T00116,D08,V08,2026-08-05,2026-08-05 15:29:00,2026-08-05 15:49:00,20,19.44,25.8,39.8,12.929139,77.662586,13.003239,77.64435,25.78,25.35,7.699323278533537,39.8,37.39,38.28,39.495999999999995,28.099999999999998,9.79738284065269,18.099999999999998,-13.500000000000004,0,0,0.9997422955610119,1.0021302176560107,0.041567857855981244,1.0935648128940507,1.0469663149960977,1.0842451133144602,0.030938884406661878,0.023910619107284703,0.028343652593205076,0.11387331806659517,0.0863857302368792,0.10837580050065194,0,2.951620993825745,2.7307117207545923,1.5586882166228995,7.75881434241083,5.122906926081279,7.2316328591449155,1,0.0,3.0,0.0,0.0,0.0,5.144032921810699,0.0,0.0,False,False,False
T00117,D08,V08,2026-07-31,2026-07-31 14:02:00,2026-07-31 14:41:00,39,16.03,29.6,56.3,12.926428,77.669753,12.949424,77.766969,29.64358974358974,29.5,11.568759995231142,56.3,42.839999999999996,43.39000000000001,52.72799999999997,56.3,16.510254450622238,56.3,-30.400000000000002,3,2,1.0204985375130593,0.9979058071782126,0.10296098678812106,1.5644890539725742,1.1494672010711815,1.4153005749031256,0.051443383234643626,0.02988323717026442,0.08960787866646722,0.5558632561664703,0.14084140326507757,0.4066747770970217,3,4.090166023614303,3.3952466773417216,4.115562998103327,28.07796645058185,5.823460074904652,19.9709623944481,1,4.615384615384615,1.5384615384615383,4.615384615384615,3.0769230769230766,18.714909544603866,6.238303181534623,18.714909544603866,12.476606363069246,False,False,False
T00118,D08,V08,2026-08-01,2026-08-01 07:53:00,2026-08-01 08:09:00,16,11.92,26.6,36.6,12.922104,77.668151,12.968144,77.671947,26.55625,29.6,9.136882674085292,36.6,35.599999999999994,36.075,36.495,30.6,13.981629316118108,30.6,-21.9,1,0,1.009430274269347,1.0239987224167393,0.054941994998467324,1.0953597582529677,1.0863350549331745,1.093554817589009,0.04401546062507327,0.03965725809154069,0.030867377331258872,0.1051259361569723,0.0913319543743909,0.10236713980045602,0,5.175785282588521,3.191954041463161,7.800238232843239,33.9751806470547,12.775927370138376,29.735329991671424,1,0.0,3.75,3.75,0.0,0.0,8.389261744966444,8.389261744966444,0.0,False,False,False
T00119,D08,V08,2026-08-06,2026-08-06 16:41:00,2026-08-06 17:16:00,35,12.23,27.6,47.3,12.930994,77.673118,12.938625,77.592727,27.622857142857143,28.6,8.79197781785076,47.3,37.0,38.79999999999999,45.36199999999998,46.5,12.51094982590125,30.4,-30.499999999999996,1,1,1.0481012410773327,1.0103004503611783,0.1520510359197755,1.7833984411790877,1.263017817443582,1.619139599077573,0.07334930466876557,0.03422546939893434,0.13851101572648575,0.7747726433729838,0.2543920196374781,0.610513801271469,4,4.876679724760782,2.985364299377883,7.593698665135122,39.27217590101164,13.76045097568299,35.83250329442373,2,6.857142857142857,3.4285714285714284,1.7142857142857142,1.7142857142857142,32.70645952575634,16.35322976287817,8.176614881439084,8.176614881439084,False,False,False
T00120,D08,V08,2026-08-03,2026-08-03 15:21:00,2026-08-03 16:04:00,43,13.03,24.4,45.2,12.92925,77.651807,12.861827,77.66197,24.444186046511625,24.1,9.605710165005311,45.2,34.08,43.22999999999999,44.864,45.2,12.995570844427572,28.1,-33.3,1,1,1.0146393896892052,1.0105963585922917,0.05024702841676381,1.2034288512413187,1.0832955120488572,1.1740207061755972,0.03610434860280624,0.030310408987140325,0.03503181281692585,0.19480305343521476,0.09238416267229742,0.16539490836949325,1,4.838298969283347,3.011345214351885,8.135288376374872,45.020547531099616,6.162915262803068,41.302138340626946,2,1.3953488372093024,2.7906976744186047,1.3953488372093024,1.3953488372093024,7.674597083653108,15.349194167306216,7.674597083653108,7.674597083653108,False,False,False
T00121,D09,V09,2026-08-04,2026-08-04 08:20:00,2026-08-04 08:33:00,13,12.7,23.5,29.4,12.923525,77.665391,12.97269,77.621626,23.523076923076925,24.6,6.805041494626594,29.4,28.76,29.04,29.328,26.099999999999998,10.352987924959585,21.3,-25.5,0,1,1.0176065521836457,1.0236342120113022,0.032819918225410145,1.0740633128451973,1.0649757481331377,1.0722457999027855,0.027962894440031843,0.024858115953563686,0.01781680077038975,0.06543751503909334,0.056349950327033695,0.06362000209668141,0,3.0053928766072766,2.9896822573644846,1.3693543960597239,5.340880077290633,5.067356636849174,5.286175389202341,0,0.0,0.0,0.0,4.615384615384615,0.0,0.0,0.0,7.874015748031496,False,False,False
T00122,D09,V09,2026-08-05,2026-08-05 13:52:00,2026-08-05 14:03:00,11,5.1,29.6,38.7,12.921047,77.657305,12.89526,77.657688,29.6,32.1,10.34495045904039,38.7,38.0,38.35,38.63,37.800000000000004,9.72258850680863,28.0,-6.300000000000001,1,0,1.0204179840149743,1.0247936377632327,0.025724534761532126,1.0557182389255193,1.0504837457482037,1.0546713402900563,0.022234561278506173,0.020771598732278518,0.0164590286186033,0.04709244111941535,0.04531145342343462,0.04673624358021921,0,2.9219195319688627,2.9362050337127346,1.043884511604971,4.546713098492141,4.165894527728933,4.4705493843395,0,0.0,0.0,5.454545454545455,0.0,0.0,0.0,19.607843137254903,0.0,False,False,False
T00123,D09,V09,2026-08-01,2026-08-01 18:50:00,2026-08-01 19:33:00,43,18.24,20.7,31.0,12.919973,77.666579,12.816073,77.630234,20.734883720930235,22.4,7.4873189212838005,31.0,27.42,29.58,30.79,29.1,9.74746694528332,22.1,-25.6,0,1,1.0000781431078722,0.9963382959617683,0.04238863003159682,1.1365606011119689,1.0749897363994432,1.111641851400145,0.03445328258536448,0.02938680756929768,0.025618482960951386,0.12793480330586493,0.06853447621861049,0.10967775409846407,0,3.5328331283721903,2.8160610788830556,3.5554390718884648,24.680719195355714,5.286055683325736,17.639121776385796,2,0.0,2.7906976744186047,0.0,1.3953488372093024,0.0,10.964912280701755,0.0,5.482456140350878,False,False,False
T00124,D09,V09,2026-08-05,2026-08-05 13:59:00,2026-08-05 14:12:00,13,10.78,21.6,30.0,12.920551,77.664746,12.96219,77.638626,21.615384615384617,21.3,4.152077021171884,30.0,27.680000000000003,29.279999999999998,29.855999999999998,13.899999999999999,6.375946385258608,13.8,-9.0,0,0,1.0123140565888546,0.9721882533748286,0.11350743765058831,1.3764737556524644,1.1794207037769406,1.3370631452773594,0.06171316812165125,0.038646932056957795,0.09366314045384119,0.3678479578463605,0.18538418989465139,0.33135520425601844,1,3.212176179305433,3.1594145027204013,1.8223774423889196,7.544063891564015,5.759001853305793,7.187051483912368,0,4.615384615384615,0.0,0.0,0.0,9.27643784786642,0.0,0.0,0.0,False,False,False
T00125,D09,V09,2026-08-01,2026-08-01 14:04:00,2026-08-01 14:18:00,14,6.35,23.2,30.4,12.920811,77.6648,12.880451,77.671833,23.228571428571428,24.95,8.52655837968625,30.4,30.060000000000002,30.335,30.387,27.0,12.061237977026304,20.7,-22.099999999999998,0,0,1.0166023124160621,1.0200863526268729,0.033319360812518836,1.0734961574220934,1.0540412448003733,1.0696051748977493,0.02665213006112201,0.026837767863099216,0.020340145873093452,0.0649590133954202,0.06490138843879019,0.0649474884040942,0,3.3878693865658738,2.9955760048297297,1.2342071349025534,5.714840330227958,5.531848154412015,5.678241895064769,0,0.0,0.0,0.0,0.0,0.0,0.0,0.0,0.0,False,False,False
T00126,D09,V09,2026-08-04,2026-08-04 14:57:00,2026-08-04 15:36:00,39,25.93,19.9,31.7,12.921443,77.666649,13.054875,77.719746,19.905128205128204,20.7,6.649572551278003,31.7,26.52,28.430000000000003,30.901999999999994,31.7,9.867509629526536,26.6,-22.7,1,0,1.0153011598287631,1.0032193179958209,0.045841155711401904,1.2225256643522866,1.0677932079263681,1.1734984747620274,0.030183104141313387,0.020422883420601834,0.0348159543672019,0.21389986654618265,0.0668777729488312,0.16487267695592336,1,3.0531734367504484,2.8272071024245817,1.3198738639866991,6.727332309318456,5.538144400508875,6.3484952413247235,0,1.5384615384615383,0.0,1.5384615384615383,0.0,3.856536829926726,0.0,3.856536829926726,0.0,False,False,False
T00127,D09,V09,2026-08-05,2026-08-05 20:06:00,2026-08-05 20:32:00,26,17.56,24.1,34.7,12.924008,77.669603,12.824492,77.650542,24.096153846153847,24.15,6.045062829730111,34.7,30.25,32.925,34.475,30.900000000000002,9.494167440308571,17.3,-24.599999999999998,0,0,1.0055694930460615,0.9974356920039171,0.050785376254296376,1.1713411117176755,1.0687638377074387,1.1461141062687612,0.03837104838654977,0.039368672227479806,0.03252135039591529,0.16271531391157157,0.06263962467590398,0.13776575264932048,1,3.2397027096945807,3.108758240986254,1.1939143214274186,5.854434216899187,5.225070221444854,5.755168453178301,0,2.3076923076923075,0.0,0.0,0.0,5.694760820045559,0.0,0.0,0.0,False,False,False
T00128,D09,V09,2026-08-06,2026-08-06 15:23:00,2026-08-06 15:48:00,25,16.75,31.0,38.4,12.940697,77.655318,13.03416,77.639885,31.0,30.7,3.648629879831607,38.4,35.08,37.35999999999999,38.256,18.5,5.5152122957023755,18.5,-10.3,0,0,0.9986484493216631,0.9945873516187504,0.03218427843809544,1.0656293914865524,1.0590127354525458,1.0641629528725096,0.027906166607438235,0.023873544698755134,0.018119626085393557,0.057003593680448494,0.05460831112996202,0.05655081465724214,0,3.366624237607061,3.0285475066440677,1.3955708370429911,6.619410849917084,5.7016913780985,6.434368603778397,0,0.0,0.0,0.0,0.0,0.0,0.0,0.0,0.0,False,False,False
T00129,D09,V09,2026-08-02,2026-08-02 16:58:00,2026-08-02 17:32:00,34,26.33,27.7,38.7,12.92864,77.681957,12.803733,77.774139,27.697058823529414,29.95,8.37953803941546,38.7,35.239999999999995,36.019999999999996,38.07300000000001,38.7,11.559524705116537,30.799999999999997,-30.599999999999998,2,1,1.0296183209756389,0.9994439680857232,0.13513078353999672,1.7604158599603674,1.087829685035006,1.5437678368289374,0.05323109159866153,0.02656622772540168,0.12567797966960476,0.7517900621542635,0.08846448246797527,0.5351420390228334,1,3.400498784193315,3.2657524298657066,1.7030816332664376,6.863774471819423,6.3182506942705405,6.847862289228457,0,1.7647058823529411,0.0,3.5294117647058822,1.7647058823529411,3.7979491074819602,0.0,7.5958982149639205,3.7979491074819602,False,False,False
T00130,D09,V09,2026-08-04,2026-08-04 18:41:00,2026-08-04 19:11:00,30,21.87,27.8,39.4,12.930019,77.673172,13.034768,77.734113,27.84333333333333,29.75,9.017786383828783,39.4,33.48,34.75,38.182,38.6,12.944330405825262,29.0,-27.9,3,2,0.9996380609265859,1.00205334569009,0.023368424325362933,1.0383823958446137,1.0375724438282423,1.038328070878681,0.020267157272063067,0.018698979889601897,0.014308264934697681,0.052281194642579076,0.04762098181158993,0.05121025477239534,0,2.9344954521905326,2.858908697978232,1.404150169199081,5.303319715046416,5.0026430568740325,5.232914597915396,0,0.0,0.0,6.0,4.0,0.0,0.0,13.717421124828531,9.144947416552355,False,False,False
T00131,D09,V09,2026-08-01,2026-08-01 12:14:00,2026-08-01 12:48:00,34,12.8,24.2,30.0,12.919162,77.668147,12.845865,77.661146,24.18235294117647,25.85,5.952054424453608,30.0,29.240000000000002,29.435,29.835,26.7,9.056950433708096,25.8,-24.9,1,0,1.0116326606885848,1.008824557920419,0.044142412147493496,1.1827269338270774,1.0501915953743521,1.1400317275946361,0.0315577556476959,0.02679806813737695,0.030525354476040344,0.17410113602097343,0.07030106388341134,0.1478545978089935,1,4.614326337207261,2.908193441845963,8.580963326982626,52.66760294526418,6.20810189930134,37.5061924770897,1,1.7647058823529411,1.7647058823529411,1.7647058823529411,0.0,7.8125,7.8125,7.8125,0.0,False,False,False
T00132,D09,V09,2026-08-03,2026-08-03 09:27:00,2026-08-03 10:05:00,38,17.92,31.0,40.7,12.921463,77.662524,12.997483,77.581,30.997368421052634,32.5,8.21197171050357,40.7,38.2,40.6,40.663000000000004,39.5,11.159915122779964,31.3,-30.099999999999998,2,1,0.9980431687167156,0.9933623271025143,0.03164057793237681,1.0938272258451058,1.0493056218874621,1.088396014129194,0.02710958085779916,0.025737428531353357,0.019009279098400444,0.08520142803900188,0.05869378206494656,0.07977021632309003,0,3.9906929882100344,3.296640452896452,5.294027333285784,34.49132934521371,5.733250807017843,23.923977511727795,1,0.0,1.5789473684210527,3.1578947368421053,1.5789473684210527,0.0,5.580357142857142,11.160714285714285,5.580357142857142,False,False,False
T00133,D09,V09,2026-08-01,2026-08-01 21:08:00,2026-08-01 21:21:00,13,8.4,23.4,32.5,12.920817,77.654768,12.878874,77.634078,23.361538461538462,23.7,4.238423146552355,32.5,27.2,29.43999999999999,31.887999999999995,15.600000000000001,5.589722712263999,7.599999999999998,-8.600000000000001,0,0,1.0048810508404284,1.0109881304941222,0.03632372686902881,1.0816644581384747,1.0629345830543329,1.0779184831216462,0.026987051306561136,0.016360712256884402,0.023358342718843326,0.07303866033237072,0.06399728927547947,0.07123038612099246,0,3.377356382251502,3.209330148177342,1.384937732488528,5.7788666708966385,5.7174597617889615,5.7665852890751035,0,0.0,0.0,0.0,0.0,0.0,0.0,0.0,0.0,False,False,False
T00134,D09,V09,2026-08-02,2026-08-02 07:12:00,2026-08-02 07:53:00,41,26.77,28.6,39.5,12.925389,77.665404,13.087191,77.630166,28.565853658536586,30.3,7.896949086707399,39.5,34.5,36.2,38.38,35.9,11.250186448319477,29.199999999999996,-30.4,2,1,1.0188851986527563,1.0161043253524709,0.0577546601192628,1.254005582124737,1.1057183185603827,1.2129730834085564,0.03791707481810919,0.02533489476672368,0.04438288270308743,0.24537978431863294,0.09709252075427877,0.20434728560245233,2,2.946829259181044,2.8356833391618324,1.2764774773435534,5.9020335478545025,4.960947490147421,5.745713721354785,0,2.926829268292683,0.0,2.926829268292683,1.4634146341463414,7.4710496824803885,0.0,7.4710496824803885,3.7355248412401942,False,False,False
T00135,D09,V09,2026-08-06,2026-08-06 19:46:00,2026-08-06 20:08:00,22,12.36,29.3,38.0,12.919945,77.666638,12.883702,77.602429,29.272727272727273,31.5,8.86169831181907,38.0,36.06,37.620000000000005,37.937,34.6,13.355146388749738,30.800000000000004,-32.7,1,2,1.0178070930461154,0.9986853292528723,0.10747134049648785,1.470599877600974,1.0593216371338916,1.3843977746663103,0.052602077787710526,0.033779373512719146,0.09348614785949397,0.46197407979487015,0.07131552160663071,0.37999063134889177,1,4.959813023935224,3.6636974369098665,5.746912234646225,30.251386745073358,5.390851034800841,25.031118733668208,1,2.7272727272727275,2.7272727272727275,2.7272727272727275,5.454545454545455,8.090614886731393,8.090614886731393,8.090614886731393,16.181229773462785,False,False,False
T00136,D10,V10,2026-08-02,2026-08-02 11:32:00,2026-08-02 12:09:00,37,18.61,21.5,38.9,13.019204,77.539861,13.0881,77.432752,21.48108108108108,20.8,8.912626431636744,38.9,32.34,34.419999999999995,37.748000000000005,37.5,13.817045659284432,32.300000000000004,-30.3,1,1,1.0410778762570976,1.0144407326206888,0.10858018747251988,1.4970437535356138,1.2486438947654976,1.4412062730110953,0.056375605556031855,0.02183554653686892,0.0980079376453336,0.48841795572950986,0.2400180969593937,0.43258047520499127,4,3.4021798712711115,3.2212575184235117,1.9736392539485297,13.100877833183548,4.88698149687086,10.252573333544564,1,6.486486486486486,1.6216216216216215,1.6216216216216215,1.6216216216216215,21.493820526598604,5.373455131649651,5.373455131649651,5.373455131649651,False,False,False
T00137,D10,V10,2026-08-03,2026-08-03 12:47:00,2026-08-03 13:29:00,42,21.89,17.8,39.7,13.037725,77.549602,12.994584,77.447422,17.845238095238095,18.6,9.95429071307768,39.7,30.019999999999996,31.354999999999993,38.264999999999986,39.7,14.292438487165432,27.7,-22.0,1,0,1.050914578982218,1.0224997846719162,0.1494842354581124,1.660102406479793,1.383429115586766,1.608869846984762,0.08020583988274338,0.035725180469966755,0.13261831364511903,0.651476608673689,0.3748033177806621,0.600244049178658,4,4.7245842606603174,3.340157316382527,8.092288635371503,55.000745449493685,6.179175046339763,35.8506575935206,2,5.714285714285714,2.857142857142857,1.4285714285714286,0.0,18.27318410232983,9.136592051164914,4.568296025582457,0.0,False,False,False
T00138,D10,V10,2026-08-01,2026-08-01 09:51:00,2026-08-01 10:30:00,39,25.16,16.9,34.8,13.023569,77.552109,12.907746,77.453621,16.851282051282052,17.8,9.40327131752483,34.8,28.040000000000003,31.42,33.925999999999995,34.8,13.342166271251331,26.199999999999996,-28.6,1,2,1.0076694712601584,1.0128938740065514,0.044429788170312026,1.10974771907853,1.0794850235510915,1.099488311642497,0.03682747395118908,0.032417428962121964,0.024145201174776434,0.10112192127242614,0.07853731478278358,0.09445203284215711,0,3.0950756144914076,2.856308806834443,1.4138931944573314,6.272296230249333,5.610881021958778,6.199739230229953,0,0.0,0.0,1.5384615384615383,3.0769230769230766,0.0,0.0,3.97456279809221,7.94912559618442,False,False,False
T00139,D10,V10,2026-08-05,2026-08-05 21:39:00,2026-08-05 21:54:00,15,7.31,21.2,31.6,13.026567,77.558053,13.058243,77.586517,21.18,20.0,7.366449037940289,31.6,30.68,31.32,31.544,22.900000000000002,9.628444961724211,15.999999999999998,-19.5,0,0,1.0237484819034897,1.0068088199852046,0.0796490906613448,1.2629948535128717,1.1309571638686169,1.2365873155840206,0.0520665464079952,0.0416398828671245,0.06069963626409535,0.2543690557067677,0.13366364354463056,0.23022797327434022,1,3.149178077653967,3.5223003846917993,1.4419000740182824,6.398601409683213,4.9012928503533235,6.099139697817234,0,4.0,0.0,0.0,0.0,13.679890560875513,0.0,0.0,0.0,False,False,False
T00140,D10,V10,2026-08-01,2026-08-01 09:30:00,2026-08-01 09:43:00,13,5.75,20.5,36.6,13.034071,77.556496,13.0312,77.593538,20.515384615384615,21.9,11.223550103379809,36.6,31.360000000000003,33.71999999999999,36.023999999999994,33.6,13.726037394823846,23.4,-22.7,0,0,1.0126904410946982,1.008627284976963,0.0411125656992813,1.0849428556380285,1.077974782002439,1.0835492409109106,0.03219236586275316,0.033176670480644765,0.024195668462937574,0.07631705783192455,0.06934898419633509,0.07492344310480666,0,6.752270579899447,3.3575735286066335,12.704120218147462,48.8727296147862,22.30842002501889,43.55986769683271,1,0.0,4.615384615384615,0.0,0.0,0.0,17.391304347826086,0.0,0.0,False,False,False
T00141,D10,V10,2026-08-03,2026-08-03 18:58:00,2026-08-03 19:24:00,26,16.08,19.8,38.4,13.036739,77.557512,13.098571,77.631092,19.799999999999997,21.65,10.93731228410344,38.4,33.150000000000006,34.9,37.625,38.4,18.590858382135437,33.0,-28.700000000000003,3,1,1.0041790496136704,1.008143286872257,0.04276463222880402,1.0878837254045122,1.0683693331551924,1.0834550804306968,0.033656991767841545,0.027659627573826562,0.02590894562262758,0.08642787978633304,0.07828773837319375,0.08463539173935183,0,3.404122210871658,3.2882109916435693,1.3684553527200902,6.867466781863601,6.202299329944806,6.791487803458194,0,0.0,0.0,6.9230769230769225,2.3076923076923075,0.0,0.0,18.656716417910452,6.218905472636817,False,False,False
T00142,D10,V10,2026-08-01,2026-08-01 16:45:00,2026-08-01 17:15:00,30,11.83,19.1,33.8,13.013713,77.554129,13.055986,77.496387,19.13,20.25,8.36161797575169,33.8,27.710000000000008,32.38999999999999,33.626,29.999999999999996,12.07196809940713,22.500000000000004,-24.099999999999998,0,0,1.0828785024482055,1.02017790645729,0.19743287537321685,1.78816833659474,1.5597488720017743,1.7289936622840714,0.0992502858908086,0.03853214106977132,0.1857229875456666,0.7795425387886361,0.5511230741956703,0.7203678644779674,4,4.451644089277311,3.656963566255065,3.3401638772106907,17.967250763541983,9.584313180199597,16.019516119989795,2,8.0,4.0,0.0,0.0,33.8123415046492,16.9061707523246,0.0,0.0,True,False,True
T00143,D10,V10,2026-08-06,2026-08-06 13:25:00,2026-08-06 14:05:00,40,18.61,23.2,38.2,13.020941,77.55605,13.044644,77.665617,23.2375,23.6,8.876147452005492,38.2,33.44,35.09499999999999,37.693,35.6,11.51688170046754,31.799999999999997,-30.6,1,1,1.0263993285056086,1.0053014241462201,0.11345096509171546,1.6612408013289344,1.1340180737742007,1.4678126619063383,0.05032121941850774,0.025620787849448656,0.10294642227626617,0.6526150035228304,0.12539227596809666,0.45918686410023435,2,4.791673114457237,3.454872597872174,7.480833887714464,49.87599623065188,7.256495822134778,33.56101498513276,2,3.0,3.0,1.5,1.5,10.746910263299302,10.746910263299302,5.373455131649651,5.373455131649651,False,False,False
T00144,D10,V10,2026-08-01,2026-08-01 20:36:00,2026-08-01 21:16:00,40,5.92,16.9,34.2,13.020303,77.567316,13.039952,77.592279,16.905,17.95,9.295572422754105,34.2,28.78,31.419999999999998,33.264,34.2,11.348859368868704,22.3,-21.5,0,0,1.0423296563580382,1.0234924216481653,0.10462380704970253,1.613270591066483,1.1556644782704355,1.4368254313011812,0.05379947852342208,0.03091348626738144,0.09561704422909338,0.6046447932603791,0.14703868046433147,0.4281996334950773,3,7.129098904547412,3.696270529839273,12.356735267494999,51.29644627067259,46.38795131512027,50.93906667327381,4,4.5,6.0,0.0,0.0,50.67567567567567,67.56756756756756,0.0,0.0,False,False,False
T00145,D10,V10,2026-08-04,2026-08-04 16:53:00,2026-08-04 17:29:00,36,8.56,21.1,41.0,13.03511,77.548442,12.993921,77.585221,21.105555555555554,21.65,9.286793832240473,41.0,32.1,34.825,40.65,39.9,12.370829744662586,22.6,-36.8,0,1,1.010941245749778,1.0110759627381878,0.04542520228995837,1.1086054302591162,1.082968417586892,1.1024372738884927,0.035330918906439336,0.029572790684470607,0.028018291969232435,0.09997963245301222,0.08626741669360966,0.09525891195284457,0,4.1906855260029126,3.5349935242163246,4.802100949725439,31.294144819758216,5.988680402119232,22.47815552697233,1,0.0,1.6666666666666667,0.0,1.6666666666666667,0.0,11.682242990654204,0.0,11.682242990654204,False,False,False
T00146,D10,V10,2026-07-31,2026-07-31 09:59:00,2026-07-31 10:28:00,29,15.6,26.6,46.6,13.032879,77.554524,13.116231,77.48262,26.555172413793105,27.4,13.23314524234228,46.6,41.379999999999995,46.339999999999996,46.572,43.7,18.120428419559357,32.1,-34.0,2,3,1.0054940722572177,0.9917434143970909,0.07438400582025956,1.242627458251265,1.1685772821531228,1.2407618021598246,0.048910578763482974,0.03754959070390129,0.055366562794969716,0.23400166044516113,0.16980288977201904,0.23213600435372067,2,5.835055176849617,3.0955128815755235,9.862609589125872,42.42748873077453,26.55750638151906,41.75298888040992,2,4.137931034482759,4.137931034482759,4.137931034482759,6.206896551724138,12.820512820512821,12.820512820512821,12.820512820512821,19.23076923076923,False,False,False
T00147,D10,V10,2026-08-05,2026-08-05 10:51:00,2026-08-05 11:22:00,31,8.73,28.2,48.4,13.024458,77.56537,12.970543,77.580961,28.154838709677417,31.0,11.971016072433098,48.4,41.4,43.45,47.47,45.8,17.686830651493885,30.7,-37.4,3,3,1.0203103823849413,1.0236723108495218,0.06986473395601268,1.2189876947697216,1.1189610461179733,1.1945815707859995,0.05394240579153459,0.049773465232188174,0.044893046648888046,0.21036189696361762,0.13337294782499526,0.1885746514641662,2,4.310952115456676,3.065550521521379,8.009315716933267,46.97041302777739,5.476170104972867,34.600290572087346,1,3.8709677419354835,1.9354838709677418,5.806451612903225,5.806451612903225,22.90950744558992,11.45475372279496,34.36426116838488,34.36426116838488,False,False,False
T00148,D10,V10,2026-08-05,2026-08-05 14:33:00,2026-08-05 14:46:00,13,3.01,18.1,25.2,13.023262,77.556488,13.036941,77.546436,18.092307692307692,18.3,5.394512881694624,25.2,24.66,24.96,25.151999999999997,17.299999999999997,7.916924422254662,16.200000000000003,-10.4,0,0,1.0251643139681585,1.0232399523083529,0.08542378755384622,1.2253477057553908,1.1483530292829232,1.209948770460897,0.06730314428686265,0.06034099307189145,0.05183001260355139,0.2167219079492868,0.13972723147681926,0.2013229726547932,1,3.304476925623398,3.4178940884702675,1.322570704609427,5.457554397346855,5.1908894421987615,5.404221406317236,0,4.615384615384615,0.0,0.0,0.0,33.222591362126245,0.0,0.0,0.0,False,False,False
T00149,D10,V10,2026-08-01,2026-08-01 09:55:00,2026-08-01 10:39:00,44,16.59,18.3,35.3,13.025819,77.551271,13.108401,77.479659,18.302272727272726,18.3,8.708415834265995,35.3,29.34,31.685000000000002,34.741,33.0,12.61219165868954,32.699999999999996,-26.9,1,1,1.0127681180686812,1.0197659654896765,0.04585860905186127,1.0912671533588831,1.0808122494169545,1.089479942877437,0.036675548735994615,0.03252882670520518,0.027279895694114435,0.11746139097647745,0.0777580891092408,0.1024887757442872,0,5.378345425092852,3.467351562269474,9.349101587839364,48.89029146977956,7.582448777678856,47.422545270828245,3,0.0,4.090909090909091,1.3636363636363638,1.3636363636363638,0.0,18.083182640144667,6.027727546714889,6.027727546714889,False,False,False
T00150,D10,V10,2026-08-02,2026-08-02 13:40:00,2026-08-02 14:15:00,35,19.61,32.8,56.7,13.015819,77.555721,13.067758,77.657132,32.808571428571426,32.9,11.88192823103199,56.7,48.220000000000006,50.919999999999995,55.067999999999984,53.800000000000004,15.611469603893076,39.300000000000004,-37.1,1,2,1.010891288248644,1.0147122744896704,0.045245772309778894,1.1019283098278219,1.073631454176743,1.0923201252389307,0.036073697435910254,0.030612865831849634,0.026699771431909772,0.09778113486955242,0.08885358006013505,0.09625840310128868,0,4.7795956624787115,3.6498904093136826,6.555438213046778,41.55987487950367,6.693599907641309,29.940663143045967,1,0.0,1.7142857142857142,1.7142857142857142,3.4285714285714284,0.0,5.099439061703213,5.099439061703213,10.198878123406425,False,False,False
T00151,D11,V11,2026-08-02,2026-08-02 06:30:00,2026-08-02 07:07:00,37,15.79,23.3,33.3,13.02644,77.558001,13.052452,77.658314,23.27567567567568,23.4,4.74402579891602,33.3,29.379999999999995,32.239999999999995,33.263999999999996,19.599999999999998,7.684814009874694,16.1,-18.599999999999998,0,0,1.0084169428268956,1.004832821916163,0.0352853323820879,1.1123156026955658,1.0636898592282689,1.095018233031522,0.027958334726412484,0.02458957180470467,0.02101708874626604,0.10368980488946189,0.055718903905086756,0.08653166177376292,0,3.0909494104702175,2.793385043276347,1.1266392310615563,5.8750829781374145,4.886805956316301,5.801583238041269,0,0.0,0.0,0.0,0.0,0.0,0.0,0.0,0.0,False,False,False
T00152,D11,V11,2026-08-05,2026-08-05 15:22:00,2026-08-05 15:33:00,11,5.72,18.4,23.1,13.037846,77.557384,13.06746,77.572028,18.37272727272727,19.9,5.194437584395622,23.1,21.8,22.450000000000003,22.970000000000002,19.400000000000002,6.974303484284943,13.2,-16.5,0,0,1.0044826755607021,1.0123023263827857,0.03920471844376346,1.0733172876647428,1.0508922969512624,1.0688322895220468,0.026935127543155038,0.01867211419411019,0.02752890755272557,0.09014117626908558,0.0774163330638622,0.0875962076280409,0,3.3779269119293436,3.2218938530001267,1.4854732429195214,6.591919295622483,5.594442843312135,6.3924240051604135,0,0.0,0.0,0.0,0.0,0.0,0.0,0.0,0.0,False,False,False
T00153,D11,V11,2026-08-03,2026-08-03 09:26:00,2026-08-03 09:39:00,13,6.87,31.3,37.7,13.032724,77.554277,13.051315,77.521983,31.315384615384616,32.1,2.88526317512694,37.7,33.72,35.48,37.256,10.700000000000003,3.3947546265317876,5.300000000000004,-5.100000000000001,0,0,1.0022364809906177,0.987823870940564,0.03268596823059792,1.0653173236177096,1.0496276912750064,1.0621793971491689,0.02972411222870653,0.024948098923104123,0.012467882106472488,0.056691525811605636,0.05421192305058508,0.056195605259401524,0,2.8560610334943743,2.354187758017614,1.7280311496135226,6.379247604537701,5.795807548015203,6.262559593233201,0,0.0,0.0,0.0,0.0,0.0,0.0,0.0,0.0,False,False,False
T00154,D11,V11,2026-07-31,2026-07-31 07:56:00,2026-07-31 08:29:00,33,11.89,29.4,36.6,13.035091,77.557352,13.115708,77.572675,29.430303030303033,29.2,3.6983513935675494,36.6,33.56,35.12,36.184,12.8,5.010239515232779,7.600000000000001,-10.0,0,0,1.009254977924442,1.0017055455571762,0.03958292507754266,1.1341344717448634,1.0754156307837297,1.1162226429234812,0.02975991155665296,0.02463747938901628,0.025571218680841265,0.12550867393875942,0.0667898329776257,0.10759684511737724,0,4.73705148427394,3.06311932513247,8.68022253956904,52.30825747432235,6.654153118600032,37.906855301258695,1,0.0,1.8181818181818181,0.0,0.0,0.0,8.410428931875526,0.0,0.0,False,False,False
T00155,D11,V11,2026-08-04,2026-08-04 19:56:00,2026-08-04 20:29:00,33,13.31,29.9,38.0,13.033932,77.557784,13.096976,77.481566,29.86060606060606,30.6,6.159796029188962,38.0,33.76,35.44,37.68,36.7,8.545025577563363,29.3,-28.099999999999998,1,1,1.0052403820662539,1.0092541800755643,0.04092391976607208,1.1141027780236437,1.0716139928912074,1.103865229211856,0.02875363123817737,0.01704070312184036,0.028878685798420626,0.1054769802175397,0.08531209985667759,0.10039398179824936,0,4.687916439221395,3.0887861693552052,8.830195535319007,53.482829020163095,5.360200468927884,38.1004491795144,1,0.0,1.8181818181818181,1.8181818181818181,1.8181818181818181,0.0,7.513148009015778,7.513148009015778,7.513148009015778,False,False,False
T00156,D11,V11,2026-08-04,2026-08-04 15:01:00,2026-08-04 15:33:00,32,14.27,22.6,31.9,13.034218,77.54784,13.073306,77.467251,22.5625,24.35,6.526904616352819,31.9,28.38,28.904999999999998,31.125,29.4,9.332874172653387,25.6,-28.4,1,1,1.0039262068894186,1.0061832501652674,0.03126498394833678,1.0568585525035978,1.0469585220811202,1.05511922851573,0.02580497148945104,0.02336690156238941,0.017689565995872628,0.07134195605911209,0.051528460485747725,0.06644847873558533,0,3.043233947901297,2.956170628820098,1.500483453563086,6.066539375953972,5.684261612765058,6.03888255233399,0,0.0,0.0,1.875,1.875,0.0,0.0,7.007708479327261,7.007708479327261,False,False,False
T00157,D11,V11,2026-08-04,2026-08-04 06:54:00,2026-08-04 07:21:00,27,16.74,27.2,39.1,13.033643,77.557989,13.126702,77.603995,27.24814814814815,28.5,8.951809888782284,39.1,34.580000000000005,35.67,38.215999999999994,36.800000000000004,11.02686695629338,26.4,-27.799999999999997,1,1,1.0197408913697712,1.0087621126905986,0.06214774290300256,1.2829945440258115,1.0815497108582195,1.2324131533778784,0.03470173865039545,0.022633404326316553,0.05234608423924517,0.2743687462197075,0.07292391305211546,0.22378735557177432,1,2.8682104751467423,2.725050458248434,1.3520419613563919,5.925681395417746,4.906428491731783,5.6619880852869935,0,2.2222222222222223,0.0,2.2222222222222223,2.2222222222222223,5.973715651135006,0.0,5.973715651135006,5.973715651135006,False,False,False
T00158,D11,V11,2026-07-31,2026-07-31 08:28:00,2026-07-31 09:05:00,37,21.35,28.1,39.9,13.026352,77.561344,12.881033,77.498735,28.132432432432434,29.0,7.802067178142741,39.9,35.02,35.599999999999994,38.784,39.9,10.811872019986945,26.9,-32.5,2,2,1.005923062309036,1.0007297337443313,0.024990181654233688,1.0660642569751602,1.0472825425954733,1.0625449171133632,0.02023494243314882,0.01693794960309547,0.014532387346989018,0.05743845916905621,0.04889538530545816,0.05613828566176735,0,4.1898056101537655,3.2896656365047194,4.916015694525589,31.895988776020097,6.304669379283543,22.728216020324446,1,0.0,1.6216216216216215,3.243243243243243,3.243243243243243,0.0,4.68384074941452,9.36768149882904,9.36768149882904,False,False,False
T00159,D11,V11,2026-07-31,2026-07-31 07:55:00,2026-07-31 08:07:00,12,18.95,24.1,38.9,13.019076,77.557328,13.036121,77.525425,24.108333333333334,25.5,8.273446938394192,38.9,30.490000000000002,34.44499999999999,38.009,34.6,10.500140691698114,22.4,-14.599999999999998,0,0,1.0077982202742388,1.0110546147142334,0.031924579508753666,1.0528029255278502,1.046578857245495,1.051558111871379,0.024674919482192248,0.022794366171323466,0.018860650095662096,0.06027406980641292,0.053402230428380666,0.05889970193080648,0,2.8780337280100134,2.654438977945632,1.3787762138031017,5.793694848712693,5.016275692968552,5.638211017563866,0,0.0,0.0,0.0,0.0,0.0,0.0,0.0,0.0,False,False,False
T00160,D11,V11,2026-07-31,2026-07-31 06:30:00,2026-07-31 06:55:00,25,13.77,30.8,39.3,13.030971,77.563731,13.068702,77.623941,30.836,31.6,7.264805572071424,39.3,37.54,38.379999999999995,39.108,37.099999999999994,8.300146585050973,10.2,-30.7,0,1,0.9999991142950965,1.0012362358604487,0.023423888470214267,1.057025070658213,1.0281096358880737,1.0503420820217586,0.01875479077484375,0.013399190444745246,0.016118341661926036,0.06834924274371179,0.04635696875876267,0.06356124996972708,0,3.2600581974493177,2.9805200888435563,1.4093203700585557,5.367634488301154,5.336408979442805,5.366187228118323,0,0.0,0.0,0.0,2.4,0.0,0.0,0.0,7.262164124909224,False,False,False
T00161,D11,V11,2026-08-04,2026-08-04 12:57:00,2026-08-04 13:14:00,17,10.55,16.0,26.6,13.025681,77.562124,13.00995,77.614627,15.994117647058822,16.2,6.244344500049155,26.6,21.82,23.159999999999997,25.912,25.3,10.144572585435844,19.099999999999998,-18.7,0,0,1.0025409832143075,1.001436468279441,0.035924233278807755,1.0551777101512332,1.0530495086602545,1.0547520698530375,0.029966099648484172,0.022960032954752352,0.019385548539400624,0.0653501223007934,0.059577501241841954,0.06419559808900312,0,3.147885187925494,3.009102856334426,1.184488822812074,5.916062879990374,5.277446570288093,5.788339618049918,0,0.0,0.0,0.0,0.0,0.0,0.0,0.0,0.0,False,False,False
T00162,D11,V11,2026-08-01,2026-08-01 16:02:00,2026-08-01 16:13:00,11,6.22,28.3,37.0,13.020175,77.555691,12.993761,77.524578,28.263636363636362,28.4,5.429414835370884,37.0,36.6,36.8,36.96,17.7,5.370525621812586,10.700000000000003,-8.600000000000001,0,0,1.0486181615718606,0.9903963852922728,0.20796477188172158,1.6633574480549873,1.3671329704388935,1.6041125525317688,0.09610502758702598,0.039476686471836664,0.18667854847060772,0.6547316502488834,0.36563339361423863,0.5969119989219546,1,5.253689635056109,4.416242746951304,3.706530687901345,15.295241089959974,11.182026435649592,14.4725981590979,1,5.454545454545455,5.454545454545455,0.0,0.0,16.077170418006432,16.077170418006432,0.0,0.0,False,False,False
T00163,D11,V11,2026-08-05,2026-08-05 20:43:00,2026-08-05 21:13:00,30,19.31,18.0,27.4,13.029538,77.560931,13.118667,77.638556,17.953333333333333,19.65,6.992938967436999,27.4,24.160000000000004,25.194999999999997,26.878,27.4,10.651175532770317,23.6,-22.6,0,0,1.0250743228290502,1.0105274208534478,0.08962026793104144,1.38368710335827,1.1779758765947734,1.3515597079838777,0.0461921929242244,0.02613890819956366,0.07813053598490546,0.3750613055521661,0.18047067511636167,0.3429339101777738,2,3.4776115983419618,3.4138371930282796,1.3026356191533497,5.786968118108134,5.742347291190681,5.777268355633624,0,4.0,0.0,0.0,0.0,10.357327809425168,0.0,0.0,0.0,False,False,False
T00164,D11,V11,2026-08-01,2026-08-01 20:15:00,2026-08-01 20:26:00,11,4.73,24.3,32.2,13.026606,77.543702,13.00988,77.522672,24.345454545454547,26.4,8.099057184186766,32.2,30.6,31.400000000000002,32.040000000000006,30.000000000000004,10.94545152521855,26.2,-19.5,1,0,0.9847210865374663,0.9718045070897747,0.03623423659081603,1.049788550137598,1.0415600277561627,1.048142845661311,0.03641863284108908,0.03708784177968094,0.021967024022939634,0.06786174662217404,0.0660782821579512,0.06750505372932947,0,3.9366282266652943,3.9099488487702754,1.5819462776985402,6.366835948883873,6.031316322346932,6.299732023576484,0,0.0,0.0,5.454545454545455,0.0,0.0,0.0,21.14164904862579,0.0,False,False,False
T00165,D11,V11,2026-08-04,2026-08-04 09:34:00,2026-08-04 10:02:00,28,17.96,27.4,41.6,13.037191,77.557461,13.126913,77.634006,27.360714285714288,29.9,10.2082878197884,41.6,35.3,36.66499999999999,40.466,38.300000000000004,14.729281925190582,30.799999999999997,-28.099999999999998,3,3,1.0078658338057622,1.009004362162119,0.02809963049475736,1.0684764854689128,1.0514080529872796,1.0656262693060974,0.021557735409547835,0.020109366676807627,0.017556758555817138,0.05985068766280888,0.054012333688675515,0.05896025702276184,0,4.753418612709631,3.0928040094264566,9.454083816366182,52.58294590454209,5.602793417129041,39.990690859319535,1,0.0,2.142857142857143,6.428571428571429,6.428571428571429,0.0,5.567928730512249,16.703786191536746,16.703786191536746,False,False,False
T00166,D12,V12,2026-07-31,2026-07-31 11:57:00,2026-07-31 12:33:00,36,12.8,24.1,47.7,12.907239,77.634802,12.833423,77.667411,24.125,27.15,12.194363452021596,47.7,36.9,38.525,44.724999999999994,47.7,14.27445270404438,27.699999999999996,-35.199999999999996,1,2,1.0131975454252524,1.0070130554604866,0.07154347768869945,1.243490651352072,1.1211085470694844,1.210191618060299,0.05024924554274313,0.033375044580869706,0.050426561352748936,0.2348648535459681,0.14236073032821794,0.20525618091643638,3,3.039114602557918,2.7787514760309797,1.1218564661271098,5.452797447182501,5.200616982051281,5.428713270082309,0,5.0,0.0,1.6666666666666667,3.3333333333333335,23.4375,0.0,7.8125,15.625,False,False,False
T00167,D12,V12,2026-08-06,2026-08-06 15:50:00,2026-08-06 16:03:00,13,7.07,25.2,64.5,12.912429,77.651822,12.902772,77.679672,25.16923076923077,24.7,16.34958636660189,64.5,37.7,48.419999999999966,61.28399999999997,61.6,22.90066900825478,33.5,-44.1,2,2,1.0844679420322476,1.0490162057852108,0.12093547699649625,1.3523169007300027,1.3063922657199072,1.3431319737279834,0.09643345588924469,0.048710950822259846,0.10383830687477215,0.3436911029238987,0.29776646791380323,0.3345061759218796,4,6.422469771501557,3.934501239039073,11.155495904276412,43.22590195704423,20.53780223725527,38.68828201308641,1,18.46153846153846,4.615384615384615,9.23076923076923,9.23076923076923,56.57708628005658,14.144271570014144,28.28854314002829,28.28854314002829,True,False,True
T00168,D12,V12,2026-08-03,2026-08-03 19:12:00,2026-08-03 19:51:00,39,19.61,14.3,46.5,12.902285,77.648511,12.902215,77.772327,14.26923076923077,10.6,11.214749541895682,46.5,27.76000000000001,31.950000000000003,41.82599999999997,46.5,17.995004929956252,39.6,-42.1,4,1,1.0227315282519776,1.0008251595558537,0.07274226738713008,1.2761669169822574,1.136914702936312,1.260545949529962,0.049153917475457394,0.03464992541500622,0.05491771853765055,0.2675411191761534,0.12828890513020805,0.251920151723858,2,4.037837759098354,3.2037009847986755,4.648136816925976,30.97188079532788,6.647152148659137,21.852310752499672,1,3.0769230769230766,1.5384615384615383,6.153846153846153,1.5384615384615383,10.198878123406425,5.099439061703213,20.39775624681285,5.099439061703213,False,False,False
T00169,D12,V12,2026-08-01,2026-08-01 09:39:00,2026-08-01 09:55:00,16,5.81,25.6,54.6,12.915855,77.637972,12.888629,77.633904,25.575,24.25,15.56613846355822,54.6,47.85,49.725,53.625,51.6,22.722202798144377,39.400000000000006,-33.0,2,4,1.0370223936828096,1.0347235244585993,0.0665807179324537,1.234552550521848,1.13582863866393,1.2148077681502643,0.04826949292712283,0.031771699939800446,0.05298908275302775,0.22592675271574403,0.12720284085782602,0.2061819703441604,1,7.994931562888787,3.71890684578786,12.14513512721752,39.09962915425158,38.88131251146873,39.05596582569501,2,3.75,7.5,7.5,15.0,17.21170395869191,34.42340791738382,34.42340791738382,68.84681583476764,False,True,True
T00170,D12,V12,2026-08-04,2026-08-04 07:10:00,2026-08-04 07:54:00,44,13.13,27.7,51.0,12.92005,77.63839,12.998809,77.598084,27.675,29.4,12.294716675854506,51.0,42.27,44.86000000000001,50.527,51.0,17.27070302203313,44.1,-35.400000000000006,2,3,1.008662883369064,0.9913986785660341,0.06591983492984484,1.2939095795301925,1.0881643883686916,1.221961582445056,0.04706696315830552,0.03724703773320237,0.04559175848411486,0.2852837817240885,0.11234403531261596,0.21465206382718327,1,7.855694732577246,3.562616064275172,13.088913337929432,56.53298948401721,41.46976413713088,53.58904711379757,6,1.3636363636363638,8.181818181818182,2.7272727272727275,4.090909090909091,7.616146230007616,45.6968773800457,15.232292460015232,22.84843869002285,False,True,True
T00171,D12,V12,2026-08-01,2026-08-01 16:10:00,2026-08-01 16:25:00,15,6.54,30.3,48.9,12.905142,77.632383,12.875841,77.608108,30.306666666666665,25.9,9.66661904750176,48.9,43.81999999999999,47.22,48.564,30.599999999999998,16.912176509418124,27.3,-30.599999999999998,1,1,1.03432189398836,1.0324006005422508,0.045909300524415046,1.1177267107839912,1.1076226551997528,1.1157058996671436,0.04021433890894533,0.023878923732737256,0.03289999872105775,0.10910091297788727,0.09899685739364877,0.10708010186103956,0,3.160463597952043,3.1444395367060247,1.5434295691807445,7.578482697743659,5.176866010981636,7.098159360391253,1,0.0,4.0,4.0,4.0,0.0,15.290519877675841,15.290519877675841,15.290519877675841,False,False,False
T00172,D12,V12,2026-08-02,2026-08-02 15:37:00,2026-08-02 15:59:00,22,10.84,21.0,48.7,12.924765,77.632972,12.879149,77.675555,20.95909090909091,21.35,12.303567391727107,48.7,32.99,41.26499999999999,47.23,46.5,17.546931503679076,39.5,-40.400000000000006,1,2,1.006507992996049,1.0011059926785362,0.052738582953785154,1.1431701535642014,1.1027786926874137,1.134788485722402,0.0399480759446456,0.03287962273472117,0.033379862715625354,0.13454435575809742,0.0941528948813098,0.126162687916298,0,8.55413044273253,2.3885467393180573,15.241759603629953,49.30036511020988,47.78973052615021,49.075678131879094,3,0.0,8.181818181818182,2.7272727272727275,5.454545454545455,0.0,27.67527675276753,9.22509225092251,18.45018450184502,False,True,True
T00173,D12,V12,2026-07-31,2026-07-31 14:07:00,2026-07-31 14:22:00,15,7.81,29.8,45.4,12.900603,77.648248,12.853517,77.658568,29.753333333333334,29.1,10.411454314954323,45.4,43.26,44.07,45.134,31.5,15.170968516027107,28.300000000000004,-23.9,1,0,1.0213099403317234,1.0161520555507426,0.06939024565773526,1.1700474349358663,1.1239426165554336,1.1608264712597798,0.05482489315310933,0.05957680012474087,0.0420347348965942,0.16142163712976232,0.11531681874932954,0.15220067345367574,1,5.6077653538881025,3.289316038327725,9.424585690158573,39.34317857011556,15.746103961268311,34.6237636483461,1,4.0,4.0,4.0,0.0,12.804097311139564,12.804097311139564,12.804097311139564,0.0,False,False,False
T00174,D12,V12,2026-08-03,2026-08-03 09:25:00,2026-08-03 09:52:00,27,12.44,24.7,53.1,12.912703,77.638068,12.962537,77.675493,24.7,26.2,14.812676483856137,53.1,43.70000000000002,50.9,52.996,50.7,23.071233059197223,37.8,-50.4,4,3,1.0490200732680275,1.030702187831189,0.09898230587410714,1.3441257381658904,1.2460762695886316,1.3205185258505256,0.06625599199288541,0.03399458550064949,0.08326616872060494,0.3354999403597865,0.2374504717825276,0.3118927280444218,4,3.0223294640184406,2.8459269140299437,1.2056735190022052,6.761856254017827,4.902385053067446,6.291222640555824,0,8.88888888888889,0.0,8.88888888888889,6.666666666666666,32.154340836012864,0.0,32.154340836012864,24.115755627009648,True,False,True
T00175,D12,V12,2026-08-03,2026-08-03 17:18:00,2026-08-03 17:31:00,13,16.02,24.1,34.8,12.921661,77.644346,12.869531,77.622107,24.138461538461538,26.0,9.673549715722979,34.8,33.58,34.08,34.656,29.599999999999998,14.157556648532623,28.400000000000002,-28.3,1,1,1.0250956523889856,1.010405859048729,0.06640014112158675,1.193693846846837,1.124123345962442,1.179779746669958,0.044242197716103174,0.03365810603370478,0.050816858716371656,0.18506804904073304,0.12382531309238323,0.172819501851063,1,7.127575120304621,3.2532291649989857,14.16270586127933,54.18756499419401,24.263370642426374,48.20272612384045,1,4.615384615384615,4.615384615384615,4.615384615384615,4.615384615384615,6.242197253433208,6.242197253433208,6.242197253433208,6.242197253433208,False,False,False
T00176,D12,V12,2026-08-02,2026-08-02 10:52:00,2026-08-02 11:02:00,10,9.34,25.6,40.7,12.923217,77.651595,12.888484,77.690547,25.65,28.05,12.310271230877806,40.7,40.339999999999996,40.52,40.664,40.7,17.08881700606179,20.7,-31.5,0,1,1.0244547395667853,1.0084313909935747,0.10111592126064442,1.2841362856021163,1.1897971825269027,1.2652684649870738,0.058180455474981595,0.03270752814958128,0.0821081710451164,0.2755104877960124,0.1948402094664441,0.2593764321300988,1,8.843413291361566,5.146754690947269,15.696655742835073,53.11912932268374,32.39326041822973,48.973955541792954,1,6.0,6.0,0.0,6.0,10.706638115631693,10.706638115631693,0.0,10.706638115631693,False,False,False
T00177,D12,V12,2026-08-02,2026-08-02 20:50:00,2026-08-02 21:10:00,20,13.08,25.3,46.2,12.916209,77.635046,12.837508,77.623532,25.259999999999998,27.45,13.69142643754612,46.2,44.51,45.535000000000004,46.067,46.2,21.030100607913113,35.0,-44.4,1,2,0.9989333492888599,0.9832233016818319,0.05461794267108329,1.147836225251669,1.0748116520854367,1.1332313106184224,0.04566726110014946,0.040374024599166614,0.029778277148051504,0.139210427445565,0.07550145907099517,0.12646863377065093,1,3.3111117916938015,2.985764886665671,1.5634438043546743,6.522767817422294,5.7130153618070585,6.360817326299246,0,3.0,0.0,3.0,6.0,7.6452599388379205,0.0,7.6452599388379205,15.290519877675841,False,False,False
T00178,D12,V12,2026-08-03,2026-08-03 12:43:00,2026-08-03 13:24:00,41,10.35,17.6,52.4,12.924683,77.64846,12.916605,77.725108,17.587804878048782,16.4,12.527034667509131,52.4,32.9,38.0,47.08000000000002,52.4,20.222571004913803,52.4,-52.4,5,4,1.0450963680328957,1.0264648069953495,0.13975405562115745,1.8057067868289136,1.2072017229941316,1.5943186600506762,0.0674164394431729,0.031862549077223745,0.12742036886883795,0.7970809890228097,0.1985759251880277,0.5856928622445722,3,5.0216356458711715,3.148936328349622,8.654999556679304,48.67810698866586,10.679452233143795,42.81136580112329,3,4.390243902439025,4.390243902439025,7.317073170731708,5.853658536585366,28.985507246376812,28.985507246376812,48.309178743961354,38.64734299516908,False,False,False
T00179,D12,V12,2026-08-02,2026-08-02 10:20:00,2026-08-02 10:41:00,21,9.38,34.7,63.7,12.911086,77.649144,12.855705,77.639112,34.68571428571428,33.3,14.8495550678896,63.7,46.5,61.5,63.260000000000005,61.5,19.80193112275861,39.8,-28.7,3,1,1.0467651200268844,1.0082464976383503,0.1474444731750134,1.598866473474255,1.2855481321210809,1.5362028052036205,0.07364841331606636,0.03508728537336836,0.1325591103663492,0.5902406756681511,0.2769223343149769,0.5275770073975165,2,5.440631630264318,3.459609804587795,9.178924982641258,44.272169587676636,10.30431948262475,37.47859956666628,3,5.714285714285714,8.571428571428571,8.571428571428571,2.857142857142857,21.321961620469082,31.982942430703623,31.982942430703623,10.660980810234541,False,True,True
T00180,D12,V12,2026-08-05,2026-08-05 15:35:00,2026-08-05 16:03:00,28,14.63,22.3,48.8,12.908593,77.651142,12.862107,77.72746,22.289285714285715,22.5,11.612424358027031,48.8,35.440000000000005,36.974999999999994,45.749,48.8,14.459368358726232,27.999999999999996,-34.3,1,2,1.0310209985104395,1.0187764376593673,0.08565296424245428,1.1797686213830236,1.1714690200723972,1.1785870078447134,0.07102642509919542,0.06563648707384417,0.05123431731761694,0.17114282357691968,0.16284322226629314,0.16996121003860937,4,4.439221250516291,2.8379072420188853,6.200465966035398,35.220320838970224,6.176987073140419,27.43909153703857,1,8.571428571428571,2.142857142857143,2.142857142857143,4.285714285714286,27.341079972658918,6.835269993164729,6.835269993164729,13.670539986329459,True,False,True
T00181,D13,V13,2026-08-06,2026-08-06 12:49:00,2026-08-06 13:30:00,41,13.59,23.1,40.7,12.843509,77.660291,12.925389,77.662004,23.073170731707318,24.3,10.631957119699175,40.7,36.5,38.5,40.5,39.6,15.109066895047635,35.1,-35.900000000000006,1,5,1.0365416741310944,1.0091610376941826,0.1174661301577848,1.6066013817994806,1.1749965957397495,1.4750739672399205,0.06415517511085554,0.03401987546933816,0.10187387610752062,0.5979755839933767,0.1663707979336455,0.46644816943381645,4,6.4770694311154084,3.4937944988221616,10.583406510860437,50.99825193082602,31.830095821407763,47.56796102943388,5,5.853658536585366,7.317073170731708,1.4634146341463414,7.317073170731708,29.433406916850625,36.791758646063286,7.358351729212656,36.791758646063286,False,True,True
T00182,D13,V13,2026-07-31,2026-07-31 15:34:00,2026-07-31 16:09:00,35,17.59,16.9,32.2,12.861791,77.64835,12.851494,77.558113,16.928571428571427,19.0,8.021792796118929,32.2,26.34,28.569999999999993,31.417999999999992,32.2,13.014412179186115,17.9,-26.5,0,1,1.0272587241320552,1.0066618101428104,0.12211590195027199,1.6408260114954296,1.1488061545203938,1.4938860519000423,0.06014663461477302,0.03320048329838032,0.10745079166350202,0.6322002136893257,0.14018035671428997,0.48526025409393836,2,3.6119117039302515,3.388819853577348,1.8235605484020765,8.28977080503436,6.604385405501724,8.17245832704086,2,3.4285714285714284,3.4285714285714284,0.0,1.7142857142857142,11.370096645821489,11.370096645821489,0.0,5.6850483229107445,False,False,False
T00183,D13,V13,2026-07-31,2026-07-31 12:01:00,2026-07-31 12:26:00,25,13.92,17.5,31.7,12.835643,77.657248,12.772025,77.598573,17.535999999999998,16.4,7.54684702375767,31.7,27.88,28.719999999999995,31.027999999999995,29.0,10.87685309882106,17.0,-21.7,0,0,1.0264935943074607,0.9922766751264488,0.13918161413894983,1.5930109855239545,1.16613275248027,1.4914725536821576,0.08324001402529017,0.053852907862861565,0.11174291114090286,0.5843851877178505,0.15750695467416603,0.4828467558760536,3,3.2468895873943087,2.98511306318538,1.637769064176433,8.226961772124628,6.40333842888814,7.861389800068082,1,7.199999999999999,2.4,0.0,0.0,21.551724137931036,7.183908045977012,0.0,0.0,True,False,True
T00184,D13,V13,2026-08-03,2026-08-03 14:42:00,2026-08-03 15:09:00,27,13.15,26.8,43.8,12.846253,77.66875,12.933873,77.607593,26.75925925925926,26.2,10.20370442758825,43.8,40.080000000000005,42.55,43.669999999999995,43.099999999999994,16.188635175082204,43.099999999999994,-41.0,1,2,1.002883175822549,1.009166983209419,0.04301344271365986,1.066176814604407,1.0552361872204314,1.06398460609921,0.03361467345210362,0.03248178549160685,0.02666451933597551,0.0957287608955879,0.07993364989452939,0.09358642310119059,0,5.388934821041499,2.829028101663184,10.74871012002638,50.33770952278223,24.344519747435854,45.77536927351534,2,0.0,4.444444444444445,2.2222222222222223,4.444444444444445,0.0,15.20912547528517,7.604562737642585,15.20912547528517,False,False,False
T00185,D13,V13,2026-08-02,2026-08-02 21:03:00,2026-08-02 21:35:00,32,14.95,26.5,40.9,12.854774,77.670693,12.866735,77.601232,26.546875,29.0,9.21625437789477,40.9,35.93000000000001,38.405,40.28,39.699999999999996,14.645069287493449,23.8,-39.699999999999996,0,2,1.012449750717416,1.002639928278755,0.08014283070420185,1.2740239401204358,1.1459835051494818,1.2612176316243806,0.052659456201755425,0.035153477711841075,0.059795460487063676,0.2653981423143319,0.17363226114683403,0.2525918338182767,2,3.023598136314954,2.6896786799747554,1.4303128230173927,6.986308037869501,5.251905039154145,6.53334953643558,0,3.75,0.0,0.0,3.75,13.377926421404682,0.0,0.0,13.377926421404682,False,False,False
T00186,D13,V13,2026-08-04,2026-08-04 20:38:00,2026-08-04 21:18:00,40,15.28,32.9,61.8,12.83645,77.661091,12.762122,77.599756,32.86,35.0,12.139970007988973,61.8,42.77,45.76999999999997,59.03099999999999,58.4,18.035710836687734,37.0,-51.300000000000004,4,3,1.0194735529907848,1.0162785057287906,0.05578392151724084,1.1600879277020342,1.1142173890078761,1.1505801574568397,0.04400781009631309,0.03853823908944959,0.035301430136196715,0.15146212989593022,0.10707749069142383,0.14195435965073577,1,4.115635456301475,2.874025141061227,7.005450609847262,46.568896272082725,5.252879962310614,30.66573286223518,1,1.5,1.5,6.0,4.5,6.544502617801047,6.544502617801047,26.17801047120419,19.63350785340314,False,False,False
T00187,D13,V13,2026-08-03,2026-08-03 14:12:00,2026-08-03 14:24:00,12,5.61,19.0,34.1,12.843399,77.65597,12.824052,77.636218,18.974999999999998,20.25,9.542357722758613,34.1,29.92,32.065,33.693000000000005,32.5,12.19873316820607,14.200000000000001,-24.0,0,0,1.004325487947976,1.0093855690189018,0.038405457823214924,1.07731935840771,1.0573056696738599,1.0733166206609401,0.02911154930444772,0.023788876440150042,0.02388779726586475,0.07202876599359598,0.07019440302800156,0.0716618934004771,0,11.245898380096301,3.675291318022103,18.710065437654794,54.11048881686433,50.83460262260556,53.455311578012584,2,0.0,10.0,0.0,0.0,0.0,35.650623885918,0.0,0.0,False,True,True
T00188,D13,V13,2026-08-06,2026-08-06 11:26:00,2026-08-06 11:47:00,21,7.91,27.2,47.2,12.847513,77.658233,12.881023,77.683157,27.166666666666668,28.4,9.790777973855466,47.2,39.7,40.8,45.92000000000001,42.2,15.557161878513886,42.2,-35.8,1,1,1.0159082729757458,1.0069846076281406,0.05044402783689587,1.122102490862577,1.1060239599574684,1.1188867846815553,0.03966556068408373,0.03377093681396637,0.03079385606957875,0.11347669305647301,0.09739816215136443,0.1102609868754513,0,7.86884516969363,3.2562094527225978,12.823613550016189,50.110743359084196,35.575145818394056,47.20362385094618,3,0.0,8.571428571428571,2.857142857142857,2.857142857142857,0.0,37.92667509481669,12.642225031605562,12.642225031605562,False,True,True
T00189,D13,V13,2026-08-06,2026-08-06 10:57:00,2026-08-06 11:23:00,26,10.33,20.9,40.2,12.840657,77.654786,12.815806,77.715444,20.930769230769233,22.05,10.451364283413692,40.2,34.35,36.675,39.5,40.2,14.239538129934067,24.8,-38.6,0,1,1.0145671546572403,1.0026783431150892,0.08339777118328623,1.298111705516902,1.1426726873807256,1.2615720601492482,0.05661767412522102,0.03974506411222717,0.06048236506733095,0.2894859077107981,0.1363258092974257,0.25294626234314427,2,5.379145406514785,3.2549659979875756,10.336110026668337,55.290981181382556,6.7603644761183155,43.221142400942945,1,4.615384615384615,2.3076923076923075,0.0,2.3076923076923075,19.36108422071636,9.68054211035818,0.0,9.68054211035818,False,False,False
T00190,D13,V13,2026-07-31,2026-07-31 14:40:00,2026-07-31 14:54:00,14,11.21,34.6,40.9,12.852694,77.660395,12.860815,77.609659,34.6,34.6,6.556382679965672,40.9,40.49,40.77,40.874,25.2,10.737888654072213,25.000000000000004,-18.500000000000004,1,0,1.0478333527550043,0.9843754663653803,0.20330702586499136,1.7158336166423596,1.331009324994978,1.638868758312883,0.10285166138558856,0.04588715441728214,0.17775554985883577,0.7072078188362556,0.3300145123423547,0.631769157537475,1,3.972952445701402,3.2850492965876406,2.8418789031031175,12.627988755142285,8.221862706272292,11.746763545368282,1,4.285714285714286,4.285714285714286,4.285714285714286,0.0,8.920606601248885,8.920606601248885,8.920606601248885,0.0,False,False,False
T00191,D13,V13,2026-08-03,2026-08-03 10:07:00,2026-08-03 10:29:00,22,9.64,21.6,43.0,12.856634,77.652665,12.914172,77.684115,21.645454545454545,24.4,10.84420965847134,43.0,31.550000000000004,37.305,41.86599999999999,40.8,14.63587849751218,25.1,-40.8,1,1,1.0138359922180238,1.016008983261538,0.046974045230922364,1.110697528582827,1.0792887154996664,1.1043067490736953,0.03690245995250579,0.033476611940187695,0.028431689302350394,0.10207173077672316,0.07622553800600379,0.096668383657902,0,5.081737723351224,3.286817404986375,9.078928292227323,45.26247894227624,5.33944244967527,36.88001608605694,1,0.0,2.7272727272727275,2.7272727272727275,2.7272727272727275,0.0,10.37344398340249,10.37344398340249,10.37344398340249,False,False,False
T00192,D13,V13,2026-08-02,2026-08-02 07:44:00,2026-08-02 08:29:00,45,27.12,28.7,48.6,12.845571,77.659142,13.000259,77.697442,28.677777777777777,29.7,11.221142562325834,48.6,39.940000000000005,46.01999999999999,47.940000000000005,46.300000000000004,15.537310259533664,43.4,-34.6,3,3,1.0130704350493298,1.0057817854783413,0.058500429933009544,1.2221129244059241,1.101154823006925,1.183276884048989,0.04365708131589177,0.0333212299915161,0.03864254767837843,0.21348712659982017,0.10392319105456177,0.174651086242885,1,3.503087957369794,2.987657945615595,3.6116178203500517,25.800887581631763,5.963078194125903,17.09930990217881,1,1.3333333333333333,1.3333333333333333,4.0,4.0,3.6873156342182893,3.6873156342182893,11.061946902654867,11.061946902654867,False,False,False
T00193,D13,V13,2026-08-02,2026-08-02 15:42:00,2026-08-02 16:10:00,28,13.45,23.2,37.3,12.840561,77.659899,12.923922,77.669599,23.157142857142855,26.25,10.663695022570346,37.3,34.580000000000005,35.895,36.949,36.8,15.408006576668726,27.6,-32.300000000000004,2,2,1.0160720489157717,0.995069053505673,0.07500976715141466,1.2536749977565955,1.1821744636376452,1.2467661636592804,0.0480787083543232,0.028946726515505283,0.05733053106164082,0.24504919995049157,0.17354866583154122,0.23814036585317647,2,3.3556434902955923,3.2646387844920435,1.310900022306287,5.312494705879716,5.305365972502985,5.311688925806474,0,4.285714285714286,0.0,4.285714285714286,4.285714285714286,14.869888475836433,0.0,14.869888475836433,14.869888475836433,False,False,False
T00194,D13,V13,2026-08-04,2026-08-04 17:58:00,2026-08-04 18:24:00,26,17.99,17.7,34.6,12.846844,77.644115,12.918292,77.562067,17.68846153846154,15.75,8.905383851270058,34.6,30.35,33.65,34.525,32.5,13.748340319415345,26.9,-31.199999999999996,1,1,1.0374183636469843,0.996833948374829,0.17636401083762498,1.7701742852047082,1.3348040804103107,1.6781797475635885,0.08108593885431672,0.0336001031988018,0.1585197463449332,0.7615484873986043,0.32617828260420684,0.6695539497574845,2,5.074806288006273,3.2533148984392315,6.141451846654866,30.47439252881015,14.707629746784574,26.571706969583463,3,4.615384615384615,6.9230769230769225,2.3076923076923075,2.3076923076923075,11.117287381878823,16.675931072818234,5.5586436909394115,5.5586436909394115,False,True,True
T00195,D13,V13,2026-07-31,2026-07-31 07:23:00,2026-07-31 08:00:00,37,9.88,27.8,47.6,12.8472,77.65508,12.820344,77.716671,27.835135135135136,29.3,12.396823433090882,47.6,42.4,44.13999999999998,47.564,47.6,16.613512536450525,39.4,-43.3,2,3,1.065607259113412,1.0092071145210977,0.1755344430444777,1.7793296490532606,1.3249032488514678,1.747843845911236,0.08130080472737396,0.03080526212483692,0.1653964689687053,0.7707038512471567,0.3162774510453639,0.7392180481051321,5,4.559505124833738,3.2903039373285865,6.764440688085895,41.95884054642121,11.287694646818453,31.018565458886712,3,8.108108108108107,4.864864864864865,3.243243243243243,4.864864864864865,50.60728744939271,30.364372469635622,20.24291497975708,30.364372469635622,True,False,True
T00196,D14,V14,2026-07-31,2026-07-31 14:57:00,2026-07-31 15:30:00,33,5.98,22.6,63.1,12.991452,77.558567,13.018921,77.570669,22.633333333333333,19.3,16.630519134009816,63.1,40.379999999999995,48.839999999999975,62.492000000000004,63.1,23.871017437152705,53.2,-46.6,4,6,1.0580995703775968,1.0172516896029222,0.12915154283130104,1.5988721024522257,1.274116975592612,1.5043117541308932,0.075930520137111,0.034003570665742,0.11514621301306045,0.5902463046461217,0.2654911777865082,0.49568595632478935,5,5.9864859021029275,2.66782683096186,9.41474368336284,38.51694821763531,31.475070259103628,37.53376623137524,4,9.09090909090909,7.2727272727272725,7.2727272727272725,10.909090909090908,83.61204013377926,66.8896321070234,66.8896321070234,100.3344481605351,True,True,True
T00197,D14,V14,2026-08-05,2026-08-05 15:38:00,2026-08-05 15:48:00,10,4.83,26.7,58.6,12.976299,77.549053,12.989654,77.521908,26.689999999999998,24.15,21.597450981282233,58.6,53.47,56.035,58.087,57.5,38.550693897775695,47.3,-53.0,3,4,1.088432374546488,1.021365963190299,0.2228052613559251,1.7015084484068834,1.4498267696702085,1.6511721126595487,0.1101549018540017,0.04366621713354063,0.207934159792223,0.6928826506007795,0.44120097186410456,0.6425463148534447,1,3.814991969248814,3.796601751345808,1.7417699409786371,7.005405056097755,6.485511242111263,6.9014262933004575,0,6.0,0.0,18.0,24.0,20.70393374741201,0.0,62.11180124223602,82.81573498964804,False,False,False
T00198,D14,V14,2026-08-02,2026-08-02 10:51:00,2026-08-02 11:25:00,34,8.37,19.5,51.1,12.987831,77.553162,12.948488,77.593716,19.488235294117647,18.35,14.551887614845032,51.1,40.919999999999995,46.97499999999999,50.704,51.1,20.23725518261316,36.0,-43.4,5,3,1.0585741159081743,1.01216717918739,0.17573573465909917,1.9676384322329141,1.2049127035680627,1.7221227454789674,0.07420875365001448,0.02821355282372795,0.16667233693993005,0.9590126344268102,0.19628690576195879,0.7134969476728635,6,5.4741043921135555,2.984974316861859,9.933429261603504,50.0227798108022,19.057535741636833,45.809659051760576,3,10.588235294117647,5.294117647058823,8.823529411764707,5.294117647058823,71.68458781362007,35.842293906810035,59.737156511350065,35.842293906810035,True,False,True
T00199,D14,V14,2026-08-01,2026-08-01 21:36:00,2026-08-01 21:46:00,10,2.67,25.3,43.6,12.996729,77.551289,13.010541,77.542035,25.330000000000002,27.75,12.48706441793978,43.6,39.1,41.349999999999994,43.150000000000006,41.0,12.747531351424698,13.1,-27.400000000000002,0,1,1.043162294339479,1.0312344685303825,0.09486614938014534,1.2814722002447028,1.1911275228867002,1.2634032647731024,0.06101413903530507,0.027795874428148792,0.07866717583856922,0.2728464024385988,0.1893855004363001,0.25615422203813915,1,6.603185030318443,2.686639157755253,13.535213229670328,44.98827625059666,26.629019717982427,41.31642494407383,1,6.0,6.0,0.0,6.0,37.453183520599254,37.453183520599254,0.0,37.453183520599254,False,False,False
T00200,D14,V14,2026-08-01,2026-08-01 08:51:00,2026-08-01 09:21:00,30,16.72,23.4,57.9,12.98065,77.565913,12.861059,77.577348,23.416666666666668,22.4,14.480166776838502,57.9,38.64,44.66999999999999,54.76800000000001,56.8,22.106726754906347,51.8,-32.1,4,4,1.0253160809781035,1.0189928453661938,0.061407351753257365,1.2059830015385788,1.1631110061629353,1.2019014116187703,0.04273598656068249,0.030165496855800833,0.04657994713670941,0.1973572037324749,0.1544852083568314,0.19327561381266625,2,5.656512696147109,3.2353863899098965,9.342649745138571,47.957786646174576,18.555966833621085,42.39055657760614,2,4.0,4.0,8.0,8.0,11.961722488038278,11.961722488038278,23.923444976076556,23.923444976076556,False,False,False
T00201,D14,V14,2026-08-05,2026-08-05 19:14:00,2026-08-05 19:46:00,32,9.17,29.4,60.5,12.986178,77.560488,12.940437,77.601511,29.440625,28.85,15.424966343352208,60.5,48.620000000000005,56.464999999999996,60.221000000000004,60.5,20.491790006275444,36.7,-35.9,5,5,1.0733920169157456,1.022933271666334,0.10849416465496212,1.3234881941294376,1.2774057555617413,1.3116593699408665,0.0880599235547472,0.04399674607315296,0.08997922927539288,0.3148623963233337,0.26877995775563746,0.30303357213476256,10,6.726676007052224,2.9633374713553335,12.179375158341934,49.584669001617826,38.17514350369022,49.40042760176502,3,18.75,5.625,9.375,9.375,109.05125408942203,32.715376226826606,54.525627044711015,54.525627044711015,True,False,True
T00202,D14,V14,2026-08-03,2026-08-03 11:13:00,2026-08-03 11:58:00,45,23.69,28.3,52.0,12.992891,77.57415,13.067206,77.720363,28.31111111111111,29.5,12.235254989025142,52.0,44.38,46.199999999999996,49.58000000000001,52.0,15.954228406300443,42.9,-36.4,2,4,1.034625297951148,1.0054297588593646,0.08664952627701934,1.329695077827996,1.216338826579325,1.2854739074197927,0.05736427419523328,0.03239725669365101,0.06952718732469843,0.32106928002189195,0.2077130287732209,0.2768481096136888,6,3.283700075848648,3.3020751051422192,1.6830371730231495,8.595842018092236,5.35242765773537,8.212551204377274,2,8.0,2.6666666666666665,2.6666666666666665,5.333333333333333,25.32714225411566,8.442380751371887,8.442380751371887,16.884761502743775,True,False,True
T00203,D14,V14,2026-08-06,2026-08-06 07:38:00,2026-08-06 07:48:00,10,4.03,23.7,47.8,12.994256,77.555989,12.969182,77.557596,23.7,24.75,12.43998928188177,47.8,33.76,40.77999999999999,46.396,44.9,17.497431557548985,24.9,-35.599999999999994,0,1,1.0344136960679733,1.0244619883445307,0.054635208296017396,1.145128813714859,1.1275228818970617,1.1416076273512996,0.03963603222666111,0.01836057720659423,0.044478534561764815,0.13650301590875502,0.11889708409095773,0.13298182954519558,1,5.912916062135183,2.348252732955271,11.065635676982831,37.28128082563688,22.358764525942583,34.29677756569803,1,6.0,6.0,0.0,6.0,24.813895781637715,24.813895781637715,0.0,24.813895781637715,False,False,False
T00204,D14,V14,2026-08-05,2026-08-05 11:18:00,2026-08-05 11:50:00,32,15.46,31.6,65.5,12.991437,77.557522,13.07706,77.489609,31.625,37.95,18.381021067499788,65.5,56.88000000000001,58.445,63.33000000000001,63.2,26.205243719284443,53.5,-53.1,5,7,1.044217722133096,1.0242621489616042,0.07562666389774787,1.241523257937603,1.2074718891598155,1.2361794282069363,0.05399299197703944,0.02830684098335945,0.06338578798953741,0.23289746013149903,0.1988460913537116,0.2275536304008323,4,5.759290414058026,3.286131608623551,9.909737416607218,47.49088965264812,20.865861587816667,44.80267029784185,2,7.5,3.75,9.375,13.125,25.873221216041394,12.936610608020697,32.341526520051744,45.27813712807244,True,False,True
T00205,D14,V14,2026-08-05,2026-08-05 07:07:00,2026-08-05 07:27:00,20,13.49,21.0,44.1,12.996896,77.566758,13.022662,77.650072,21.05,21.5,12.969498630897114,44.1,34.28,37.165,42.712999999999994,44.1,18.979853584926918,33.1,-43.9,2,1,1.03354601583403,1.0390144240704058,0.07323561941542725,1.2162734067634628,1.169085885319673,1.2068359024747048,0.057522543575655075,0.0386104709191174,0.050340497464759375,0.2076476089573589,0.1604600875135691,0.19821010466860087,2,6.576130205387486,2.7358621963404453,11.736863273320576,50.0626347688573,28.969328693237877,45.843973553733385,2,6.0,6.0,6.0,3.0,14.825796886582655,14.825796886582655,14.825796886582655,7.412898443291327,False,False,False
T00206,D14,V14,2026-07-31,2026-07-31 14:21:00,2026-07-31 15:04:00,43,18.53,22.0,60.3,12.980663,77.557864,13.100541,77.593315,22.013953488372092,19.4,13.942903663484651,60.3,43.320000000000014,46.44,54.671999999999976,58.9,20.525522021706678,36.099999999999994,-53.699999999999996,5,5,1.027490374901256,1.0105815157620883,0.06256325710580955,1.199477386197839,1.1728063951445675,1.1969596258776838,0.04331903187435255,0.02731086364887836,0.04855191599478956,0.190851588391735,0.16418059733846357,0.18833382807157975,4,5.132396519746116,3.048688242506931,7.774744914597048,33.39303669928807,29.925242212570836,33.083097137630254,3,5.5813953488372094,4.186046511627907,6.976744186046512,6.976744186046512,21.586616297895304,16.189962223421478,26.983270372369127,26.983270372369127,False,False,False
T00207,D14,V14,2026-07-31,2026-07-31 06:07:00,2026-07-31 06:52:00,45,13.04,30.9,61.2,13.015783,77.562847,12.949307,77.505909,30.924444444444443,32.7,14.368655209352493,61.2,51.760000000000005,52.98,58.692000000000014,57.6,21.28643400683338,39.900000000000006,-56.300000000000004,7,4,1.0099554602125538,1.0047352885213099,0.042888220836842704,1.1493132732201432,1.0788636718609346,1.1258002291136513,0.03304486751747195,0.029088662216033567,0.02691518259747737,0.14068747541403925,0.07239933927985898,0.11717443130754736,1,4.840613814452241,3.029603934510252,8.907618043855948,48.70600476327328,6.12749415538048,45.524125426590174,2,1.3333333333333333,2.6666666666666665,9.333333333333334,5.333333333333333,7.668711656441719,15.337423312883438,53.68098159509203,30.674846625766875,False,False,False
T00208,D14,V14,2026-07-31,2026-07-31 17:44:00,2026-07-31 18:28:00,44,14.23,19.0,44.8,12.994681,77.554573,12.894782,77.566592,19.011363636363637,17.9,12.883037629471081,44.8,35.29000000000001,42.005,44.241,44.8,18.05441665875553,32.4,-40.9,3,3,1.0155516383780074,1.0075487665348846,0.0516453178185219,1.249457882443422,1.0728923034373465,1.200957260343516,0.033430397646551355,0.02929975593534051,0.0396577817276211,0.24083208463731798,0.06688557065498121,0.19233146253741207,1,3.431993829261272,3.2718352957060106,1.2706032961875273,6.446161648609194,5.842242433044034,6.215037286195935,0,1.3636363636363638,0.0,4.090909090909091,4.090909090909091,7.027406886858748,0.0,21.082220660576247,21.082220660576247,False,False,False
T00209,D14,V14,2026-08-05,2026-08-05 21:07:00,2026-08-05 21:30:00,23,6.0,33.0,62.6,12.993515,77.554569,13.031682,77.552164,33.017391304347825,36.9,14.839065523564756,62.6,47.32,48.209999999999994,59.454000000000015,60.0,21.477914936965497,42.1,-43.4,2,3,1.0343148224312892,1.0118063055743427,0.06201741187888024,1.1843656529974178,1.1605657242501755,1.1799092116495469,0.046230314795268165,0.03299793464242273,0.04797595885547543,0.17573985519131385,0.15193992644407153,0.17128341384344287,2,5.995166950488779,2.5704085278414404,11.475612648376327,47.70693555448726,32.62978903760185,45.078538982741236,2,5.217391304347826,5.217391304347826,5.217391304347826,7.826086956521738,33.333333333333336,33.333333333333336,33.333333333333336,50.0,False,False,False
T00210,D14,V14,2026-07-31,2026-07-31 21:51:00,2026-07-31 22:06:00,15,8.02,25.0,55.3,12.990015,77.545762,12.97015,77.597572,25.0,20.8,16.272764274789246,55.3,44.24,48.78999999999999,53.99799999999999,55.3,24.798930468489008,41.4,-38.8,3,3,1.0151052657086137,1.0111864318709978,0.047964639475100455,1.1089247043870922,1.0977876582740416,1.106697295164482,0.03753827339657441,0.040238478599579075,0.028910472620814944,0.10029890658098828,0.08916186046793757,0.09807149735837813,0,3.092824562034053,2.7984638643370046,1.1215596101342549,5.455813413231797,4.777903841616516,5.320231498908741,0,0.0,0.0,12.0,12.0,0.0,0.0,37.406483790523694,37.406483790523694,False,False,False
T00211,D15,V15,2026-08-04,2026-08-04 19:44:00,2026-08-04 19:59:00,15,5.9,24.7,48.7,12.93269,77.666975,12.934482,77.708115,24.686666666666667,23.1,14.347068723344883,48.7,45.14,46.88,48.336,47.5,25.254670478000325,47.5,-44.9,2,4,1.0015621266265347,1.0001324912230378,0.049855217243819104,1.1062391242403244,1.0729403508295736,1.0995793695581741,0.03966476258602742,0.02963805528835417,0.02921182307474757,0.10239569457624542,0.09904803687682796,0.10172616303636194,0,5.937374330578957,3.2228869046244863,10.497255732805094,43.66820124529977,16.725473752875544,38.27965574681491,1,0.0,4.0,8.0,16.0,0.0,16.94915254237288,33.89830508474576,67.79661016949152,False,False,False
T00212,D15,V15,2026-08-03,2026-08-03 13:14:00,2026-08-03 13:39:00,25,13.7,17.4,30.9,12.921012,77.66556,12.928435,77.758305,17.372,17.1,8.203938078752179,30.9,29.14,29.74,30.635999999999996,30.5,10.666848956775691,19.400000000000002,-18.0,0,0,1.0138931748962807,1.0070163851695761,0.04907636373911695,1.1377301964877262,1.100147485124217,1.1301805831692027,0.033592812744660236,0.018230422211084396,0.03552314521389929,0.12910439868162227,0.0991553699157051,0.12200709338147793,0,5.616803580984042,2.98187860249206,8.590240921912786,38.58979139617109,23.82559869089178,36.09589506924697,2,0.0,4.8,0.0,0.0,0.0,14.598540145985403,0.0,0.0,False,False,False
T00213,D15,V15,2026-08-03,2026-08-03 07:50:00,2026-08-03 08:22:00,32,27.34,29.7,52.5,12.923453,77.652686,12.779741,77.643129,29.709375,32.7,12.244692316238694,52.5,40.120000000000005,44.974999999999994,50.76400000000001,50.5,18.128020326768773,40.699999999999996,-44.199999999999996,3,3,1.0338115471909874,1.007040831353628,0.10405750839063013,1.4552020478270362,1.1995700271905994,1.3846863501927456,0.06256129451794594,0.0366363696492743,0.08627037794549064,0.44657625002093226,0.1909442293844955,0.37606055238664166,3,5.318775467602673,3.1143103931973313,8.93611787112765,47.26361285386464,16.266558112645548,41.347269331575106,2,5.625,3.75,5.625,5.625,10.97293343087052,7.31528895391368,10.97293343087052,10.97293343087052,False,False,False
T00214,D15,V15,2026-08-05,2026-08-05 10:09:00,2026-08-05 10:51:00,42,29.08,21.1,42.9,12.929727,77.67214,13.106549,77.659831,21.054761904761904,23.05,9.614019295544333,42.9,32.4,34.34499999999999,39.414999999999964,40.8,11.813998861761036,21.599999999999998,-31.5,0,1,1.0083358718369373,1.0035499290932828,0.04844366147151017,1.1808683245815343,1.105960078470811,1.1514697771922346,0.03315725517542112,0.022334091714499626,0.03493788991911247,0.1722425267754304,0.09846055680305019,0.14284397938613075,1,5.3654653962152805,3.4710246022745146,8.300105649407955,47.0004265938087,21.22780270741257,39.76294144160385,4,1.4285714285714286,5.714285714285714,0.0,1.4285714285714286,3.43878954607978,13.75515818431912,0.0,3.43878954607978,False,False,False
T00215,D15,V15,2026-08-05,2026-08-05 21:21:00,2026-08-05 21:43:00,22,15.83,24.8,42.4,12.920811,77.664787,13.001394,77.71208,24.768181818181816,25.45,9.801622138033913,42.4,34.46,36.97,41.28699999999999,41.9,12.196475965377294,23.8,-19.799999999999997,0,0,1.0294746289015249,1.0113565071879238,0.14991565022935316,1.6708689356140414,1.0865767950152125,1.5484235093261678,0.06589220685867815,0.038896259078442186,0.13557853886057425,0.6622431378079374,0.0979657132770829,0.5439526242952151,1,4.097826296022339,2.9916429088011336,4.3711812299576325,22.738656512643836,5.832748760198977,19.192160690208382,1,2.7272727272727275,2.7272727272727275,0.0,0.0,6.317119393556538,6.317119393556538,0.0,0.0,False,False,False
T00216,D15,V15,2026-08-05,2026-08-05 19:03:00,2026-08-05 19:48:00,45,15.39,26.1,46.9,12.9173,77.654497,12.819876,77.660151,26.064444444444447,26.2,10.71242175224537,46.9,40.540000000000006,43.839999999999996,46.328,44.199999999999996,14.826939377805902,27.3,-41.3,1,3,1.0312756086676844,1.000804676248068,0.1506685746868516,1.6830561487959932,1.233617699825361,1.6529415530480287,0.07342057570931691,0.037015632130564136,0.13308868696161757,0.6744303509898892,0.2249919020192571,0.6443157552419247,4,5.430148161521714,3.997174001716713,6.765656577149079,35.51149391394285,14.732741218913633,34.31239740140401,4,5.333333333333333,5.333333333333333,1.3333333333333333,4.0,25.99090318388564,25.99090318388564,6.49772579597141,19.49317738791423,False,False,False
T00217,D15,V15,2026-08-04,2026-08-04 17:03:00,2026-08-04 17:45:00,42,18.22,19.2,36.0,12.917194,77.665722,12.807439,77.703786,19.152380952380952,20.9,10.27932421844554,36.0,32.239999999999995,33.394999999999996,35.836,36.0,14.299118334133947,35.6,-33.5,2,1,1.0377732886357756,1.0248078352810253,0.10516830396938458,1.6123662735247226,1.1310870134027564,1.4362396228333723,0.055493085950315504,0.03340992482038868,0.09368072284633593,0.6037404757186187,0.12281193207766572,0.42761382502726825,2,6.039404649057152,3.4150176573097295,9.402395831639064,46.93357114049601,30.99923697298752,42.614146340138795,4,2.857142857142857,5.714285714285714,2.857142857142857,1.4285714285714286,10.97694840834248,21.95389681668496,10.97694840834248,5.48847420417124,False,False,False
T00218,D15,V15,2026-08-02,2026-08-02 13:48:00,2026-08-02 14:15:00,27,10.93,18.6,29.6,12.925119,77.676,12.923801,77.747905,18.614814814814817,19.6,7.703730550029927,29.6,27.18,27.6,29.08,27.200000000000003,10.966173059319809,19.900000000000002,-24.5,0,0,1.0462381212459773,1.0217426290411884,0.1213859750794282,1.5680261477411657,1.175185381709512,1.4712577161066245,0.06832296714729301,0.03784209378136083,0.10656493551846734,0.5594003499350617,0.16655958390340808,0.4626319183005206,2,6.347778144523704,3.2902583485191554,11.296550938830666,47.911639504404356,31.26527692049151,46.433300958119595,2,4.444444444444445,4.444444444444445,0.0,0.0,18.298261665141812,18.298261665141812,0.0,0.0,False,False,False
T00219,D15,V15,2026-08-04,2026-08-04 19:35:00,2026-08-04 20:17:00,42,15.24,16.9,38.8,12.916136,77.673802,12.956238,77.769237,16.90714285714286,19.200000000000003,9.900736431272833,38.8,27.86,31.639999999999986,37.405999999999985,38.8,13.8879322860657,33.199999999999996,-30.799999999999997,2,2,1.0116002036047016,0.9940326956178258,0.09932174605437738,1.5094005432621256,1.1334546622399495,1.3642320802852772,0.060703157940774834,0.03977001419913795,0.07809688705228106,0.5007747454560216,0.1260195525720749,0.35560628247917325,2,6.413692619856725,3.2575046135855072,10.335662123852266,45.84539889672681,34.98166197369704,43.105939002191754,5,2.857142857142857,7.142857142857143,2.857142857142857,2.857142857142857,13.123359580052492,32.808398950131235,13.123359580052492,13.123359580052492,False,True,True
T00220,D15,V15,2026-08-05,2026-08-05 14:32:00,2026-08-05 15:13:00,41,9.42,19.6,45.0,12.924248,77.671856,12.885804,77.702268,19.621951219512194,20.0,8.350584177023844,45.0,27.8,34.3,41.44000000000001,39.8,11.806767385595474,32.0,-24.5,2,0,1.0125712363281543,1.0018413047983197,0.09770083748307869,1.489021490778424,1.0968381831428007,1.3876500844882025,0.056715155743257556,0.03840623502662677,0.07914786907363958,0.4803956929723201,0.10748762860007144,0.3790242866820985,2,4.047069188466392,3.265133994187681,4.7037072356132175,31.857291159167946,5.915750163757763,21.792385897867216,1,2.926829268292683,1.4634146341463414,2.926829268292683,0.0,21.231422505307854,10.615711252653927,21.231422505307854,0.0,False,False,False
T00221,D15,V15,2026-08-02,2026-08-02 12:42:00,2026-08-02 12:55:00,13,11.28,18.1,30.0,12.924338,77.672968,12.966492,77.671186,18.107692307692307,19.9,10.120973400029394,30.0,28.1,28.919999999999998,29.784,30.0,14.695699702416002,30.0,-23.5,1,0,0.9853596894915958,0.9916304755300737,0.042924031949226296,1.0657846874486423,1.0544224643173197,1.0635122428223778,0.03853452662735098,0.03822185109033405,0.02863985702296085,0.08643004852073666,0.07852935868447133,0.08484991055348358,0,5.634566564008042,3.0259213472924245,8.695538009351472,34.230280454591664,16.784732430105073,30.741170849694324,1,0.0,4.615384615384615,4.615384615384615,0.0,0.0,8.865248226950355,8.865248226950355,0.0,False,False,False
T00222,D15,V15,2026-08-04,2026-08-04 17:52:00,2026-08-04 18:28:00,36,16.74,28.8,45.2,12.930983,77.668758,13.008558,77.704384,28.80277777777778,30.200000000000003,10.14851111137874,45.2,38.2,42.775,44.535,45.0,15.095041496391385,29.6,-27.6,4,2,1.00805771442272,1.0006678651434102,0.07163004121223236,1.2562694774609466,1.1118542867118681,1.2365060296602672,0.050487981388318226,0.041536257666165866,0.05009320184518706,0.24764367965484269,0.1271821454830916,0.2278802318541634,2,3.920051430445587,3.253853668989872,4.325914219398564,27.80181828586037,5.867671144525421,20.357065084925036,1,3.3333333333333335,1.6666666666666667,6.666666666666667,3.3333333333333335,11.947431302270012,5.973715651135006,23.894862604540023,11.947431302270012,False,False,False
T00223,D15,V15,2026-08-02,2026-08-02 10:57:00,2026-08-02 11:36:00,39,17.99,24.9,46.7,12.926825,77.664012,13.013285,77.630262,24.946153846153845,22.9,8.264185448887458,46.7,35.64,37.18000000000001,44.72399999999999,45.0,11.738967600427502,28.900000000000002,-23.800000000000004,1,0,1.016462256626076,1.0146161835886514,0.0679184405101168,1.2249706118923833,1.1312617170961021,1.2184508384611425,0.047067455963574006,0.03230119290938327,0.0490132301399621,0.21634481408627937,0.12755109278925472,0.2098250406550386,2,4.159547636052173,3.0775477250564287,7.050142729188086,46.51110620056246,5.244247197842619,30.83101346313333,1,3.0769230769230766,1.5384615384615383,1.5384615384615383,0.0,11.117287381878823,5.5586436909394115,5.5586436909394115,0.0,False,False,False
T00224,D15,V15,2026-08-03,2026-08-03 11:25:00,2026-08-03 11:38:00,13,7.79,18.2,26.3,12.92176,77.661011,12.949414,77.66922,18.23846153846154,18.7,5.555258539068856,26.3,25.32,26.0,26.240000000000002,19.4,7.0547856097829085,10.899999999999999,-13.100000000000001,0,0,1.0260459748491477,1.020314167303385,0.08030491238928467,1.219675776589828,1.1387190488232306,1.2034844310365085,0.059943526651432724,0.04797133339134885,0.053711899516934974,0.2110499787837241,0.15106045740782548,0.1990520745085443,1,6.064502580981147,3.5373153662064114,9.377705430916762,37.1500417227222,17.697674173705327,33.2595682129188,1,4.615384615384615,4.615384615384615,0.0,0.0,12.836970474967908,12.836970474967908,0.0,0.0,False,False,False
T00225,D15,V15,2026-07-31,2026-07-31 16:46:00,2026-07-31 17:31:00,45,20.93,30.1,46.2,12.925606,77.675578,12.85334,77.79646,30.1,32.1,11.090659460678038,46.2,41.14,42.36,44.616000000000014,46.2,16.848295780495746,39.5,-40.1,4,3,1.0076885390649244,1.0063413933650944,0.07174233735990349,1.322709718721383,1.1086380481996811,1.2358152106065954,0.04883657454963733,0.034972784025051995,0.052044649861089594,0.31408392091527904,0.10963926872144993,0.22718941280049146,1,6.359770785146395,3.6269408597328963,10.850839515298857,49.4796220680797,34.880510824007814,48.548846847884306,4,1.3333333333333333,5.333333333333333,5.333333333333333,4.0,4.777830864787387,19.11132345914955,19.11132345914955,14.333492594362161,False,False,False
T00226,D16,V16,2026-08-03,2026-08-03 11:13:00,2026-08-03 11:46:00,33,13.75,29.0,36.4,12.905528,77.625177,12.820289,77.665065,28.957575757575757,29.2,3.974452030078353,36.4,33.14,35.019999999999996,36.208,18.0,5.088374301316977,12.2,-11.099999999999998,0,0,1.0028812011655523,0.9910065590095758,0.048305919509279406,1.0982754663562326,1.0870280918001032,1.0962006440949768,0.04047652361628153,0.03481883541571318,0.026037398933427377,0.09973031426577961,0.0857593768102737,0.0965045076367713,0,6.1426922741648955,3.8196073096589394,9.554460417166084,43.84843896879341,21.058526139674818,43.022403355421254,3,0.0,5.454545454545454,0.0,0.0,0.0,21.818181818181817,0.0,0.0,False,False,False
T00227,D16,V16,2026-08-04,2026-08-04 14:43:00,2026-08-04 15:27:00,44,17.6,20.0,35.0,12.913008,77.614909,12.842432,77.715255,20.00681818181818,21.2,7.5804950972652,35.0,27.85,28.27,34.613,34.5,9.766970648303406,24.7,-23.5,0,0,0.9959715182800715,0.9939204456521566,0.043628806915957254,1.095540505869135,1.0613179033451081,1.0923275313527485,0.03465958936244147,0.023589848947031478,0.028950017447607054,0.12042480703881142,0.08579390299917529,0.11931462829056154,0,3.56348725637898,2.831418412654978,4.381517676000435,30.831759599477937,5.0744370036392805,20.09455229077235,1,0.0,1.3636363636363638,0.0,0.0,0.0,5.681818181818182,0.0,0.0,False,False,False
T00228,D16,V16,2026-07-31,2026-07-31 06:25:00,2026-07-31 06:51:00,26,15.45,27.7,33.1,12.90507,77.611345,12.85346,77.538496,27.70384615384615,28.450000000000003,6.194803032815864,33.1,32.7,32.95,33.075,31.6,9.051144424028124,26.3,-26.8,1,1,1.0176360914815208,1.025101456831825,0.052627908250114964,1.1000813606274764,1.0855553521066603,1.0970635480323931,0.042291619454919285,0.03300212619071963,0.03152784825229864,0.10681317868836282,0.09599885897942198,0.1044882067742984,0,3.7899474046809427,3.829961058825085,1.5996120206294628,6.361682167477404,6.307658010458847,6.361365788862775,0,0.0,0.0,2.3076923076923075,2.3076923076923075,0.0,0.0,6.472491909385114,6.472491909385114,False,False,False
T00229,D16,V16,2026-08-03,2026-08-03 07:13:00,2026-08-03 07:34:00,21,6.41,22.1,34.0,12.907416,77.610955,12.864907,77.598192,22.071428571428573,23.7,9.041080845625862,34.0,30.7,32.3,33.660000000000004,31.7,10.824874353169406,23.2,-19.099999999999998,0,0,0.9905117458294076,1.009019821410858,0.05581716082602104,1.088105693395637,1.0687282161522638,1.0842301979469624,0.04571271398226077,0.04265892466810661,0.035580126967703476,0.12419377667615861,0.10659974496727376,0.12067497033438165,0,2.971444942912077,2.9842251925751184,1.1484405508359399,5.064602649764343,4.536882189345453,4.9590585576805655,0,0.0,0.0,0.0,0.0,0.0,0.0,0.0,0.0,False,False,False
T00230,D16,V16,2026-07-31,2026-07-31 17:49:00,2026-07-31 18:24:00,35,20.13,28.7,39.9,12.898222,77.619932,12.796929,77.673072,28.737142857142857,31.2,9.084961255195498,39.9,35.8,36.58,38.91399999999999,39.9,13.843217554777775,37.199999999999996,-33.5,2,3,1.0154359934626611,0.9976251801152575,0.11454873241363933,1.597854811927542,1.1032650705997242,1.442504508414826,0.059149316581582845,0.03481626817518069,0.0978141710931653,0.589229014121438,0.13424522602422143,0.43606476247425807,2,7.516363043552523,3.5622745542700667,11.467250851258125,45.53900086738838,36.466226741218776,43.963219784756305,5,3.4285714285714284,8.571428571428571,3.4285714285714284,5.142857142857142,9.935419771485346,24.838549428713367,9.935419771485346,14.90312965722802,False,True,True
T00231,D16,V16,2026-08-03,2026-08-03 12:54:00,2026-08-03 13:21:00,27,10.89,20.4,27.7,12.914025,77.610037,12.978563,77.60437,20.418518518518518,21.3,6.281048236685255,27.7,26.100000000000005,27.51,27.674,27.3,9.464765970260165,24.400000000000002,-22.400000000000002,0,0,1.0096587737837965,1.0162263527384046,0.041982750156282236,1.0928293553890287,1.0766256858270031,1.0904212097547923,0.034318081227221034,0.032113125077275484,0.023251480734170184,0.08420355758292475,0.07841907330472024,0.083087097265693,0,3.3039376828798104,3.118733717392365,1.2983300852435755,6.178074133579169,5.313778156695002,5.964416506940439,0,0.0,0.0,0.0,0.0,0.0,0.0,0.0,0.0,False,False,False
T00232,D16,V16,2026-08-02,2026-08-02 12:19:00,2026-08-02 12:43:00,24,16.32,23.7,33.6,12.899351,77.605032,12.923032,77.509266,23.741666666666664,24.55,5.389677466083272,33.6,27.52,27.955,32.312,29.400000000000002,7.432565193950125,22.3,-20.400000000000002,0,0,1.025334762570557,0.9895005576662633,0.1513527397297467,1.7148311870268746,1.0777053794924687,1.5695542898540624,0.06125527874182759,0.028511324982391395,0.1388655151512908,0.7062053892207707,0.08682604402004782,0.5642457247263651,1,4.283047520923794,3.5469666626122587,3.6427801996265883,20.128611477198323,6.747099950996064,17.055197987847826,1,2.5,2.5,0.0,0.0,6.127450980392156,6.127450980392156,0.0,0.0,False,False,False
T00233,D16,V16,2026-08-06,2026-08-06 10:46:00,2026-08-06 11:03:00,17,6.13,27.4,38.5,12.899,77.624783,12.854184,77.617906,27.400000000000002,27.1,7.4221795990126775,38.5,34.96,37.3,38.26,33.2,10.869915985388836,20.2,-24.5,0,0,1.0432776925094884,1.00796974160934,0.1824601253194307,1.730640921739689,1.2440357965219293,1.633319896696137,0.07166737386930956,0.020767508373859545,0.17061732764836368,0.722015123933585,0.23540999871582546,0.6246940988900331,1,3.5055250613993074,3.388687061385279,1.6467277922125494,7.836006636035985,5.759216594354966,7.420648627699781,1,3.5294117647058822,3.5294117647058822,0.0,0.0,16.31321370309951,16.31321370309951,0.0,0.0,False,False,False
T00234,D16,V16,2026-08-04,2026-08-04 17:08:00,2026-08-04 17:51:00,43,30.63,24.6,37.5,12.898592,77.615783,13.093539,77.575471,24.565116279069766,27.4,9.61704547543753,37.5,32.400000000000006,36.019999999999996,37.416,36.5,12.150070295883305,28.7,-29.0,2,2,1.0095602949020275,1.001060437735904,0.0620192886979636,1.2292603467126075,1.113060952288338,1.1860472630215555,0.0458205054072631,0.035160852366361905,0.04120411376659557,0.22063454890650358,0.10518229029109358,0.17742146521545163,1,3.9929813571655894,2.763566536199192,6.211349816679882,42.66736106205773,7.042815868667541,27.9366535017325,2,1.3953488372093024,2.7906976744186047,2.7906976744186047,2.7906976744186047,3.26477309826967,6.52954619653934,6.52954619653934,6.52954619653934,False,False,False
T00235,D16,V16,2026-08-01,2026-08-01 19:46:00,2026-08-01 20:25:00,39,15.57,30.7,39.6,12.906711,77.621931,13.001635,77.581765,30.687179487179485,32.0,7.523933024100303,39.6,37.14,38.51,39.562,37.300000000000004,9.449699207631419,31.099999999999998,-25.2,1,1,1.0181144978975618,1.0072983669201494,0.059574786626609484,1.1661736577371313,1.1192168506782285,1.154619850766083,0.0490574930466814,0.04890761000303856,0.0342284938517477,0.15754785993102738,0.11059105287212448,0.14599405295997905,1,4.027029159115182,3.354817431694309,5.643945078609761,37.568026298968654,5.172553343383769,25.584077245628194,1,1.5384615384615383,1.5384615384615383,1.5384615384615383,1.5384615384615383,6.422607578676943,6.422607578676943,6.422607578676943,6.422607578676943,False,False,False
T00236,D16,V16,2026-07-31,2026-07-31 13:33:00,2026-07-31 14:10:00,37,19.49,28.5,37.9,12.898519,77.617559,12.985016,77.513214,28.52162162162162,32.2,10.765638112251589,37.9,35.900000000000006,37.18,37.756,36.9,14.513221682438521,34.7,-30.4,4,3,1.0128713114347425,1.012037054657585,0.06194086325798613,1.2161040251557431,1.099341284375126,1.175569471422156,0.04583727657036333,0.03710552524011712,0.04117981321687899,0.20747822734963917,0.10954084098108641,0.17366802394958297,1,2.958206838378404,2.976138437640292,1.2121050920555998,6.165070964717275,5.109967572968125,5.834654300405052,0,1.6216216216216215,0.0,6.486486486486486,4.864864864864865,5.130836326321191,0.0,20.523345305284764,15.392508978963573,False,False,False
T00237,D16,V16,2026-08-01,2026-08-01 06:29:00,2026-08-01 06:49:00,20,7.56,28.3,39.4,12.911036,77.622611,12.919284,77.673455,28.305,28.950000000000003,7.267047108985226,39.4,34.790000000000006,36.645,38.849,36.699999999999996,10.887602800288137,27.2,-27.1,1,1,1.0047635253708704,1.0081755014829032,0.04147108167208207,1.0728625261420963,1.052056969610572,1.0687014148357914,0.033786258047234854,0.031233469396293678,0.023107620065330844,0.08503227249315548,0.07339584034146823,0.08270498606281801,0,4.6831508019266845,3.3590726251449534,6.208900535471845,30.58072759108259,7.0013085082041835,25.864843774506873,1,0.0,3.0,3.0,3.0,0.0,13.227513227513228,13.227513227513228,13.227513227513228,False,False,False
T00238,D16,V16,2026-08-03,2026-08-03 06:02:00,2026-08-03 06:27:00,25,14.04,29.7,36.1,12.913999,77.632405,12.853332,77.695755,29.715999999999998,30.5,6.116554040743311,36.1,34.72,35.44,35.980000000000004,31.8,9.723788699198819,27.5,-31.3,1,1,1.013939667139089,1.016347381558097,0.07352459482117638,1.2468416098286101,1.107748903096736,1.2149827822512942,0.05728065362551634,0.052150333147076955,0.044916535204605354,0.2382158120225062,0.10097948736334386,0.20635698444519027,1,3.336354347335087,3.5768282038700154,1.2036453610708429,5.812856440683874,5.107591807579438,5.661207165904308,0,2.4,0.0,2.4,2.4,7.122507122507122,0.0,7.122507122507122,7.122507122507122,False,False,False
T00239,D16,V16,2026-08-03,2026-08-03 13:20:00,2026-08-03 13:47:00,27,10.67,17.2,28.8,12.9057,77.607556,12.873685,77.541708,17.203703703703702,18.7,7.272893905109969,28.8,24.320000000000004,26.259999999999998,28.201999999999998,28.2,10.480634699468524,24.4,-15.4,0,0,1.0085430073307842,1.0149354659287457,0.04082187565547468,1.082098886423972,1.0625372066537258,1.0777081000840028,0.0339459408157958,0.034532886426496434,0.02167453544478285,0.09529234281827748,0.07147750617710402,0.08961933672617099,0,3.673042547602597,3.5984580030896565,1.5379979240574124,7.033761440367451,6.823647106315635,6.993382839613696,0,0.0,0.0,0.0,0.0,0.0,0.0,0.0,0.0,False,False,False
T00240,D16,V16,2026-08-01,2026-08-01 13:06:00,2026-08-01 13:47:00,41,27.28,19.5,28.0,12.900624,77.62282,12.84409,77.80012,19.541463414634148,20.4,4.483579797982639,28.0,24.0,24.6,27.200000000000003,28.0,6.437490232055102,16.7,-20.7,0,0,1.022686064214575,1.0086049771838328,0.07307543645326153,1.275749975504605,1.1296163065395257,1.2487620583983976,0.05157722240294555,0.04011296852228918,0.053065409298579704,0.26712417769850094,0.13014642980705982,0.24013626059229362,2,4.378070379569154,3.3422297946131714,6.846750488029171,46.14554908114108,7.032339582244305,30.80223297849104,2,2.926829268292683,2.926829268292683,0.0,0.0,7.331378299120235,7.331378299120235,0.0,0.0,False,False,False
T00241,D17,V17,2026-08-03,2026-08-03 11:38:00,2026-08-03 12:08:00,30,13.13,19.4,32.9,12.841787,77.645252,12.765331,77.597634,19.446666666666665,20.15,8.12682799949238,32.9,30.91,31.165,32.436,30.2,12.09978626200508,14.8,-23.7,0,0,1.0310399695591468,0.9963038833695945,0.13905833992078437,1.732478571296049,1.1000149765142617,1.5542288111300364,0.05826269235724942,0.03481401866069456,0.12784892058988867,0.7238527734899451,0.09138917870815773,0.5456030133239325,1,6.752141179074832,3.3096720077694552,10.714404878215086,49.62048568887652,29.435902207294532,45.039570959976935,4,2.0,8.0,0.0,0.0,7.616146230007616,30.464584920030465,0.0,0.0,False,True,True
T00242,D17,V17,2026-08-04,2026-08-04 08:46:00,2026-08-04 09:16:00,30,18.11,25.6,45.0,12.845123,77.659281,12.95962,77.633315,25.56,28.45,9.75869550355141,45.0,34.50000000000001,40.964999999999996,43.86900000000001,42.7,14.34868571016856,26.900000000000002,-20.300000000000004,2,0,1.005663378823757,0.998863715369736,0.05396744062588423,1.1984047730212026,1.0778684511456502,1.1677885653227391,0.03747501840092049,0.026278883238594175,0.038324396860031744,0.18977897521509868,0.09177071519632275,0.16300744490401425,1,3.895714794039489,2.8659464986489525,4.45839575023254,26.2578083624662,6.269222223955867,20.621426402902106,1,2.0,2.0,4.0,0.0,5.521811154058532,5.521811154058532,11.043622308117063,0.0,False,False,False
T00243,D17,V17,2026-08-05,2026-08-05 19:32:00,2026-08-05 20:09:00,37,24.36,27.4,52.0,12.847923,77.654092,12.891669,77.527037,27.37027027027027,29.7,10.84788419884687,52.0,38.48,39.13999999999999,47.71600000000001,52.0,12.511558019850447,25.9,-29.599999999999998,1,1,1.0312226470639831,1.0007986810542868,0.13946022240001524,1.7812282279371163,1.1590201153151662,1.577258788102397,0.06349415501249958,0.0396196058754229,0.12581915992423023,0.7726024301310124,0.1503943175090622,0.568632990296293,2,4.718318224529682,2.997882586093058,6.9894871570862085,36.49870682640688,11.842621653213826,33.833332001061834,2,3.243243243243243,3.243243243243243,1.6216216216216215,1.6216216216216215,8.210180623973727,8.210180623973727,4.105090311986864,4.105090311986864,False,False,False
T00244,D17,V17,2026-08-06,2026-08-06 15:20:00,2026-08-06 15:53:00,33,20.93,27.4,48.0,12.851017,77.655082,12.799553,77.552335,27.3969696969697,29.0,12.000064709421489,48.0,40.98,41.58,45.984,46.9,15.020166998627769,30.8,-29.999999999999996,1,2,1.0252315511436287,1.0103108432556784,0.052308817315942446,1.1869372350718466,1.1238614150116624,1.1832885829724493,0.036227417648642964,0.025883264503163472,0.04083064458970352,0.1783114372657426,0.11523561720555833,0.17466278516634545,2,4.100437168586489,2.739142201493015,6.407728477865751,38.5217276351931,7.41560831032982,28.707147757874054,2,3.6363636363636362,3.6363636363636362,1.8181818181818181,3.6363636363636362,9.555661729574775,9.555661729574775,4.777830864787387,9.555661729574775,False,False,False
T00245,D17,V17,2026-08-04,2026-08-04 19:28:00,2026-08-04 20:07:00,39,14.98,27.0,44.7,12.835883,77.663595,12.82949,77.590375,26.96153846153846,28.6,9.312939933363104,44.7,36.660000000000004,38.33,42.381999999999984,40.800000000000004,14.294144399108472,30.299999999999997,-40.800000000000004,2,2,1.024159219989686,1.0071017823437707,0.07959978714177338,1.270566015600921,1.2106489064641461,1.2564363734405635,0.05003451285196379,0.02784957460327775,0.06335953106181891,0.26194021779481713,0.2020231086580423,0.24781057563445946,4,7.417249536869392,3.3538932600785016,12.61321953036473,53.774415849918825,34.373897402702255,53.335508901275844,5,6.153846153846153,7.692307692307692,3.0769230769230766,3.0769230769230766,26.702269692923895,33.37783711615487,13.351134846461948,13.351134846461948,False,True,True
T00246,D17,V17,2026-08-04,2026-08-04 13:43:00,2026-08-04 14:27:00,44,28.62,28.0,45.2,12.861428,77.650189,12.995328,77.605002,27.968181818181815,30.95,11.014129883129781,45.2,37.24,40.905,44.039,43.900000000000006,14.936115367902662,30.1,-30.700000000000003,5,3,1.0136348271290474,1.0088759396604445,0.039376311544613296,1.105208125196336,1.073727736305303,1.0942400116988864,0.03221011711878816,0.026909444462727194,0.022683659872868706,0.09658232739023198,0.07021352931368481,0.0903168848144954,0,4.401082105956718,3.1721006001250522,6.191890339625252,35.37513392200799,5.232538842754695,32.28110502549801,2,0.0,2.7272727272727275,6.818181818181818,4.090909090909091,0.0,6.988120195667365,17.470300489168412,10.482180293501047,False,False,False
T00247,D17,V17,2026-08-05,2026-08-05 12:23:00,2026-08-05 12:50:00,27,9.65,31.6,49.6,12.855841,77.660626,12.875998,77.705199,31.625925925925927,34.4,13.074743491897552,49.6,45.14,47.62,49.288,47.800000000000004,18.488568886941454,27.5,-46.9,1,3,1.0173116452955588,0.9966890187014202,0.06812162238434744,1.2094250700229427,1.155005973774847,1.2030658850284135,0.050260211516973824,0.03575530282745576,0.045778323991778586,0.2007992722168388,0.14792230193801764,0.1944400872223095,2,4.71746262777945,2.935745220553037,8.35925500820823,45.763795734182715,7.007024354043436,35.732081265288684,1,4.444444444444445,2.2222222222222223,2.2222222222222223,6.666666666666666,20.72538860103627,10.362694300518134,10.362694300518134,31.088082901554404,False,False,False
T00248,D17,V17,2026-07-31,2026-07-31 12:10:00,2026-07-31 12:41:00,31,17.34,24.8,38.0,12.853526,77.664332,12.737732,77.700293,24.835483870967742,25.4,6.756308083911745,38.0,32.3,34.8,37.7,34.5,9.142784921949781,21.0,-24.6,0,0,1.020953627883716,1.0043052324866182,0.0652238149358148,1.2704857338829114,1.1287038751908505,1.2358972817128095,0.040686259752818615,0.02645931497338172,0.051967648448385924,0.26185993607680746,0.12007807738474652,0.22727148390670565,2,4.20087461236973,3.1806445887586996,4.888469860210424,29.408891512602104,6.484700269555028,22.54558466881646,1,3.8709677419354835,1.9354838709677418,0.0,0.0,11.534025374855824,5.767012687427912,0.0,0.0,False,False,False
T00249,D17,V17,2026-07-31,2026-07-31 06:34:00,2026-07-31 06:47:00,13,6.67,28.2,44.5,12.842175,77.671293,12.820284,77.696944,28.23846153846154,26.4,8.443887183592091,44.5,40.14,42.459999999999994,44.092,25.8,12.717825164825822,19.5,-21.9,0,0,1.0591885798669762,1.033873299780974,0.06714857880843755,1.2252611966433933,1.171401506391957,1.214489258593106,0.053966536520959285,0.025247501974870135,0.06421440770677914,0.21663539883728933,0.162775708585853,0.205863460787002,1,6.0546627755648625,3.844138395011293,10.710438299327667,41.405009358772034,19.643095757714114,37.052626638560426,1,4.615384615384615,4.615384615384615,0.0,0.0,14.992503748125937,14.992503748125937,0.0,0.0,False,False,False
T00250,D17,V17,2026-07-31,2026-07-31 09:04:00,2026-07-31 09:37:00,33,14.64,25.1,48.3,12.8415,77.660355,12.756924,77.675839,25.07272727272727,26.7,10.648276642468746,48.3,35.5,39.27999999999999,46.699999999999996,48.3,13.207473205910679,27.2,-30.5,2,1,1.0162488824039384,1.0051099442349576,0.06334969845543592,1.3276445307385558,1.0614081197584198,1.2440264813780872,0.03127172297834194,0.01540740478060898,0.055359109606457145,0.31901873293245187,0.07280669223948114,0.24185635659040394,1,3.229344784928771,2.9809059025739137,1.1125711294924097,6.226371334894829,5.172793834244683,5.9668263186701695,0,1.8181818181818181,0.0,3.6363636363636362,1.8181818181818181,6.830601092896175,0.0,13.66120218579235,6.830601092896175,False,False,False
T00251,D17,V17,2026-08-01,2026-08-01 21:54:00,2026-08-01 22:07:00,13,3.82,21.6,38.0,12.853266,77.664664,12.879546,77.645724,21.646153846153844,20.8,8.847185558565634,38.0,34.620000000000005,36.92,37.784,29.7,9.892298221473316,20.4,-14.400000000000002,0,0,1.0278306079881696,1.0112096716309629,0.05053887668147526,1.1370052770326091,1.1186846907923649,1.1333411597845602,0.036109244799511234,0.020672021097637883,0.03925817318141137,0.12837947922650517,0.11005889298626093,0.1247153619784563,0,7.055503067360452,3.1754527236285535,13.100716882624127,50.55272594034865,23.342411250384785,45.11066300235584,1,0.0,4.615384615384615,0.0,0.0,0.0,26.17801047120419,0.0,0.0,False,False,False
T00252,D17,V17,2026-08-02,2026-08-02 12:37:00,2026-08-02 13:21:00,44,18.93,25.3,42.7,12.839374,77.654811,12.716681,77.673108,25.306818181818183,25.85,7.9040289322295765,42.7,32.67,37.985,41.797000000000004,38.400000000000006,11.311780562431382,22.099999999999998,-28.400000000000002,0,1,1.0139189496332806,0.9987537768797657,0.05009177560493707,1.187340305051589,1.0898198770813785,1.156459140737145,0.0368187379788024,0.024934880700663964,0.03392210942465645,0.178714507245485,0.08119886126282273,0.14783334293104106,1,3.82090332803771,2.89222014579361,6.309247737089702,43.99127640794252,4.854291497153403,27.777138793760667,1,1.3636363636363638,1.3636363636363638,0.0,1.3636363636363638,5.282620179609086,5.282620179609086,0.0,5.282620179609086,False,False,False
T00253,D17,V17,2026-07-31,2026-07-31 20:24:00,2026-07-31 20:55:00,31,19.45,20.1,39.4,12.850061,77.65764,12.825535,77.548299,20.138709677419353,20.3,10.042432554560834,39.4,35.0,37.0,39.19,37.0,16.127878087736878,29.1,-28.6,1,2,1.0108148567069288,1.0050965127787481,0.043788921459307587,1.1114175632947323,1.0795818208668517,1.102300758580682,0.031939662068888555,0.02339232293834459,0.02946649974506259,0.1145967155050861,0.08759709096521129,0.11105523050014876,0,3.3777795147612513,3.691259947497602,1.4168776945504349,7.224416931490043,4.991137857520345,6.616055931167368,0,0.0,0.0,1.9354838709677418,3.8709677419354835,0.0,0.0,5.141388174807198,10.282776349614396,False,False,False
T00254,D17,V17,2026-08-02,2026-08-02 21:33:00,2026-08-02 21:45:00,12,5.77,18.1,35.2,12.855565,77.649403,12.830313,77.62361,18.075,14.25,9.26921836461463,35.2,31.700000000000003,33.44,34.848000000000006,29.000000000000004,11.134913016220104,21.200000000000003,-15.700000000000003,0,0,1.0195433293202047,1.0202247869759313,0.07361373121915823,1.185124887933757,1.1354823594270882,1.1751963822324234,0.05677096241113346,0.04910364239722381,0.0450896072679643,0.17649909012765308,0.12745667173938813,0.16669060645000014,1,3.0821050607157177,2.7329552656649114,1.5322841160866736,6.720483613550441,5.86903646918771,6.550194184677896,0,5.0,0.0,0.0,0.0,17.331022530329292,0.0,0.0,0.0,False,False,False
T00255,D17,V17,2026-08-05,2026-08-05 16:45:00,2026-08-05 17:06:00,21,9.18,29.3,42.8,12.83643,77.661855,12.886362,77.637767,29.323809523809523,30.0,10.64879827782951,42.8,41.0,42.3,42.699999999999996,40.199999999999996,14.81483972881503,37.8,-25.599999999999998,2,2,1.016908049001621,1.0127043003759784,0.029571453625119575,1.0869199602546638,1.0790060240795691,1.0853371730196448,0.02016871690319769,0.008700300581435672,0.02278991750783935,0.0782941624485598,0.07038022627346519,0.07671137521354088,0,4.064001655226174,2.8175521290652283,6.662017342639905,32.79706541750344,4.583481209735674,27.154348575949907,1,0.0,2.857142857142857,5.714285714285714,5.714285714285714,0.0,10.893246187363836,21.786492374727672,21.786492374727672,False,False,False
T00256,D18,V18,2026-07-31,2026-07-31 13:02:00,2026-07-31 13:27:00,25,17.39,21.1,27.7,13.043169,77.556968,13.132587,77.631501,21.092,23.0,6.402338114574497,27.7,26.58,26.7,27.459999999999997,26.5,9.241974897174304,19.9,-22.0,0,0,1.0136532304815675,1.0134209391955546,0.029767297742270937,1.0569910122607475,1.052752951302746,1.0560519720374972,0.024422040899468363,0.0222151210557735,0.0170626093370411,0.06875240207665778,0.04758268093526839,0.06385947704737434,0,4.887136760338907,3.252768051982803,7.925091632339873,42.32358444177431,7.1951155582000155,33.99799212208664,2,0.0,4.8,0.0,0.0,0.0,11.500862564692351,0.0,0.0,False,False,False
T00257,D18,V18,2026-08-05,2026-08-05 08:04:00,2026-08-05 08:22:00,18,10.19,21.6,30.3,13.0278,77.544559,13.094089,77.544198,21.62777777777778,21.15,4.843285899124024,30.3,28.840000000000003,30.130000000000003,30.266000000000002,15.5,6.736050703859594,10.3,-10.100000000000001,0,0,1.007390417212167,1.0005571020489954,0.02897448326060384,1.0858439114347882,1.0565035418816344,1.0799758375241575,0.021194636879036728,0.01602620829063256,0.01911804683864858,0.07721811362868425,0.05448467120996668,0.0726714251449407,0,3.507075687219487,3.445699744984781,1.5835972124927427,5.9521508717437595,5.879809646986892,5.937682626792386,0,0.0,0.0,0.0,0.0,0.0,0.0,0.0,0.0,False,False,False
T00258,D18,V18,2026-07-31,2026-07-31 06:16:00,2026-07-31 06:35:00,19,9.49,24.4,32.6,13.035656,77.557484,13.070504,77.509364,24.442105263157895,26.7,8.430389195541572,32.6,31.58,31.97,32.474000000000004,32.6,9.479133747773956,24.6,-24.8,0,0,1.0346844959203658,0.9949140666409335,0.15444000707544545,1.6492522548112523,1.1214114198404572,1.5436840878170937,0.06256629369198763,0.02163998230519215,0.1429562214103113,0.6406264570051483,0.18504773744134762,0.5495107130923885,1,3.652954190182611,3.546293840053303,1.207694957901181,5.4857087053543045,5.417670684669456,5.472101101217334,0,3.1578947368421053,0.0,0.0,0.0,10.537407797681771,0.0,0.0,0.0,False,False,False
T00259,D18,V18,2026-08-06,2026-08-06 21:27:00,2026-08-06 22:06:00,39,24.03,20.1,32.2,13.046333,77.555884,13.188416,77.496481,20.133333333333333,22.1,8.744211117658097,32.2,28.960000000000004,31.01,31.782,32.0,14.069374095864847,28.1,-29.3,2,1,1.0095429117421508,1.006908138809097,0.034860724656545945,1.077868730412011,1.071234210870457,1.0763450059828397,0.027939138682214856,0.02312368729190184,0.020371448140563856,0.07438760548039935,0.0656341115894489,0.07243262978809223,0,3.088059940110108,3.246182373188543,1.1966130540778215,5.511025312952209,4.710740488912066,5.22059927055585,0,0.0,0.0,3.0769230769230766,1.5384615384615383,0.0,0.0,8.322929671244278,4.161464835622139,False,False,False
T00260,D18,V18,2026-08-05,2026-08-05 09:31:00,2026-08-05 10:06:00,35,18.03,27.5,35.0,13.016735,77.5613,13.063558,77.658515,27.531428571428574,28.2,5.56880869235969,35.0,33.8,34.36,34.83,30.0,8.072879173582402,28.5,-19.8,1,0,1.0316158919320193,1.0065833298838203,0.09959459041617627,1.4989959973262104,1.1669567754090684,1.431825642373986,0.04134214928142615,0.015844855200938923,0.09329377890338678,0.4903701995201064,0.15833097760296433,0.4231998445678819,2,5.228974183160649,3.4368008379887245,7.719700189839703,45.41518908911422,11.60037285917758,37.04870832813306,3,3.4285714285714284,5.142857142857142,1.7142857142857142,0.0,11.092623405435384,16.638935108153078,5.546311702717692,0.0,False,False,False
T00261,D18,V18,2026-08-01,2026-08-01 14:22:00,2026-08-01 14:50:00,28,16.32,31.1,39.1,13.032289,77.566951,13.022203,77.668599,31.053571428571427,32.25,6.879786933762429,39.1,36.4,38.32,38.965,37.0,9.681108533316959,28.299999999999997,-29.299999999999997,1,1,1.003282456805389,1.0067883096655825,0.03510762936140125,1.0899403653411501,1.0470679506755212,1.0789375536074317,0.02718861370411076,0.025469204598296602,0.02226106752985188,0.08131456753504618,0.07856936488810806,0.08071085527657901,0,5.138860963016755,3.461474940508243,9.093418507416983,51.06629612572269,5.483879614805646,38.80041325775264,1,0.0,2.142857142857143,2.142857142857143,2.142857142857143,0.0,6.127450980392156,6.127450980392156,6.127450980392156,False,False,False
T00262,D18,V18,2026-08-04,2026-08-04 17:08:00,2026-08-04 17:46:00,38,21.74,18.8,25.6,13.029757,77.560767,13.085889,77.68524,18.760526315789473,20.75,6.046778882234747,25.6,24.76,25.3,25.489,24.8,8.191847941000733,21.599999999999998,-13.499999999999998,0,0,1.0080081627390345,1.006757572754891,0.035440725678954475,1.1127717645591122,1.0621810407860564,1.0955880221309044,0.02764111991101594,0.02338093783170958,0.021719940368390454,0.10414596675300825,0.05889292747531226,0.08932699702078052,0,4.705720044182699,3.131309173103311,6.670032126223401,36.25175995727656,9.193279066230266,32.89275133523246,2,0.0,3.1578947368421053,0.0,0.0,0.0,9.199632014719413,0.0,0.0,False,False,False
T00263,D18,V18,2026-08-05,2026-08-05 18:51:00,2026-08-05 19:16:00,25,12.79,30.4,38.1,13.028384,77.540544,13.093671,77.476436,30.396,31.0,6.9152898228008715,38.1,36.2,37.559999999999995,38.028,36.300000000000004,9.78831275893178,31.400000000000002,-27.9,1,1,1.0128675903732471,1.0171863152834884,0.04761132099585805,1.172345938705807,1.0774634503170102,1.1498401312025897,0.03485108244160756,0.027990289576874106,0.031943296576426305,0.1637201408997031,0.0688376525109063,0.1412143333964857,1,3.08569197481714,2.7252339349127443,1.3693585163883528,6.814939471484688,5.3707988115546526,6.479793062644716,0,2.4,0.0,2.4,2.4,7.8186082877247856,0.0,7.8186082877247856,7.8186082877247856,False,False,False
T00264,D18,V18,2026-08-01,2026-08-01 08:43:00,2026-08-01 08:59:00,16,9.06,28.5,35.0,13.030249,77.559629,13.001815,77.510815,28.48125,28.9,3.983669790532344,35.0,32.1,33.05,34.61,15.7,5.27326195695479,12.5,-8.899999999999999,0,0,0.9807433199238819,0.9784302187599742,0.03623593685364227,1.0616694400801032,1.0529737865698952,1.0599303093780617,0.03969411286568729,0.04501938887938162,0.02148581923262598,0.07802975225250275,0.06785881425487258,0.07599556465297672,0,3.148887402845695,2.6297914618567866,1.9179629816934267,7.500653304879515,6.902944273118818,7.381111498527376,0,0.0,0.0,0.0,0.0,0.0,0.0,0.0,0.0,False,False,False
T00265,D18,V18,2026-08-03,2026-08-03 18:37:00,2026-08-03 18:58:00,21,7.15,23.9,29.1,13.02198,77.552996,13.067869,77.543545,23.904761904761905,24.4,3.2109930224894905,29.1,27.5,28.4,28.96,12.400000000000002,4.716238412326583,10.3,-9.600000000000001,0,0,1.0117981744399032,1.0033389257872933,0.06582763029369255,1.2579813194161509,1.04910247354584,1.2162055502420888,0.03967645108033571,0.026903331932983554,0.05187400383061147,0.24935552161004693,0.07958650907822673,0.215401719103683,1,2.9686332100564408,2.869250773285598,1.5535065842658962,5.862772381732042,5.446154606692689,5.779448826724172,0,2.857142857142857,0.0,0.0,0.0,13.986013986013985,0.0,0.0,0.0,False,False,False
T00266,D18,V18,2026-07-31,2026-07-31 17:07:00,2026-07-31 17:18:00,11,8.56,32.0,39.3,13.014414,77.568815,13.047872,77.596873,31.963636363636365,30.7,3.7987557771651295,39.3,38.9,39.099999999999994,39.26,11.499999999999996,5.817465865040299,9.099999999999998,-11.099999999999998,0,0,1.0137315393724566,1.0189435705670848,0.036373103932777026,1.0576544804424555,1.0491648709957087,1.055956558553106,0.025899364868199035,0.02904884830188048,0.024775458334963467,0.08403183286798044,0.06653025775216598,0.08053151784481756,0,3.649865272887128,3.0564521916758323,1.7028305372965984,7.8909821948855,6.4547688819855455,7.60373953230551,1,0.0,5.454545454545455,0.0,0.0,0.0,11.682242990654204,0.0,0.0,False,False,False
T00267,D18,V18,2026-08-05,2026-08-05 06:10:00,2026-08-05 06:35:00,25,10.82,24.4,35.0,13.04022,77.56345,13.059497,77.630622,24.424,25.4,6.531224999952153,35.0,31.68,32.239999999999995,34.352,32.6,10.08451783676344,28.8,-25.8,1,1,1.0145324918914307,1.0105305537191838,0.03984165137040167,1.1151434885251312,1.0832278677961065,1.1085623148097439,0.030616605830906165,0.024659843110515944,0.025441423304662918,0.10651769071902728,0.07484886502550309,0.09993651700364001,0,6.65301302040756,3.0245330218068376,13.32756564380318,54.995481632585054,37.8878728402464,52.8665558293778,2,0.0,4.8,2.4,2.4,0.0,18.484288354898336,9.242144177449168,9.242144177449168,False,False,False
T00268,D18,V18,2026-08-06,2026-08-06 14:42:00,2026-08-06 14:58:00,16,4.81,22.2,27.0,13.033056,77.559843,13.062763,77.546664,22.18125,22.6,3.7658498376860425,27.0,26.549999999999997,26.775,26.955,11.2,5.21470676708352,8.099999999999998,-8.2,0,0,1.0104513033481768,0.9945337391929183,0.042380512024226415,1.134536469224326,1.0711130455955946,1.1218517844985798,0.030800971532710143,0.02214560137021576,0.028066277465479284,0.1259106714182221,0.06522598600453239,0.11377373433548413,0,3.137998025401977,3.0501607705919556,1.4236173240767733,6.1773780845922,5.593129060982196,6.060528279870199,0,0.0,0.0,0.0,0.0,0.0,0.0,0.0,0.0,False,False,False
T00269,D18,V18,2026-08-01,2026-08-01 16:38:00,2026-08-01 17:18:00,40,10.24,31.9,40.1,13.032653,77.558701,13.107163,77.537091,31.877500000000005,32.3,3.879233832627925,40.1,36.660000000000004,38.7,39.554,19.1,5.8934796651980195,10.900000000000002,-17.700000000000003,0,0,1.0175589907648395,1.0143410560769928,0.046428884838261034,1.1749953191396125,1.0725180251788098,1.1503747089512368,0.03590243034575822,0.03145976035676845,0.030256471998436542,0.16636952133350857,0.07188184078135228,0.14174891114513286,1,4.170205563981527,3.6795440895886498,4.417182424164319,29.762864445479707,6.06673630554342,21.060805432246156,1,1.5,1.5,0.0,0.0,9.765625,9.765625,0.0,0.0,False,False,False
T00270,D18,V18,2026-08-05,2026-08-05 08:51:00,2026-08-05 09:35:00,44,13.13,21.0,31.8,13.025178,77.548448,12.973647,77.629697,20.990909090909092,20.75,3.6578566720695616,31.8,24.67,25.21,30.209000000000003,19.200000000000003,5.079209269917021,10.900000000000002,-12.000000000000002,0,0,1.004277628526326,1.0027665910232035,0.04780059672384527,1.2168894773150107,1.0656799389387894,1.1585717473888253,0.03205089850260634,0.022734576405602724,0.035399059967544146,0.20826367950890678,0.0786000453023638,0.1582519679531837,1,2.98156641889141,2.707928370205937,1.2022606066259565,6.256085037785212,5.264622222748527,5.908825355771006,0,1.3636363636363638,0.0,0.0,0.0,7.616146230007616,0.0,0.0,0.0,False,False,False
T00271,D19,V19,2026-08-06,2026-08-06 16:37:00,2026-08-06 17:10:00,33,15.68,22.9,54.4,12.762717,77.790197,12.789512,77.688684,22.90909090909091,24.7,15.527201205392014,54.4,44.120000000000005,47.919999999999995,53.344,54.4,20.98596166777239,51.1,-36.8,4,4,1.0038350169523838,1.0048168987432486,0.05003359447250082,1.1244598703377546,1.1034855461009907,1.1233134590130145,0.03594685037974458,0.022740286569371326,0.03456114639423057,0.11583407253165068,0.11214204553822829,0.11468766120691047,0,4.357158712228044,2.703368269400231,7.874373075368889,47.76106154599163,4.927149603725607,34.07745144972543,1,0.0,1.8181818181818181,7.2727272727272725,7.2727272727272725,0.0,6.377551020408164,25.510204081632654,25.510204081632654,False,False,False
T00272,D19,V19,2026-08-02,2026-08-02 08:05:00,2026-08-02 08:20:00,15,8.79,19.9,33.4,12.774749,77.789457,12.72569,77.776695,19.873333333333335,23.6,10.425618629583752,33.4,30.84,32.28,33.175999999999995,33.4,11.00261007995051,18.4,-23.6,0,0,1.0435214987388692,1.023974120766731,0.06923728611849413,1.2262218396358793,1.1669820879679944,1.2143738893023024,0.04811277102704058,0.025063395108644193,0.06015236200212608,0.21759604182977532,0.15835629016189054,0.20574809149619833,1,3.080238617068326,2.8998275810813308,1.325097056521174,5.574486523438728,5.488797057203086,5.5573486301915995,0,4.0,0.0,0.0,0.0,11.37656427758817,0.0,0.0,0.0,False,False,False
T00273,D19,V19,2026-07-31,2026-07-31 20:56:00,2026-07-31 21:41:00,45,2.29,28.1,53.2,12.775285,77.778896,12.769126,77.774474,28.05111111111111,28.0,15.424443738639807,53.2,46.080000000000005,51.36,53.156000000000006,53.2,21.00673364866272,47.1,-41.3,6,7,1.052265277436053,1.034676277876322,0.09952858949809987,1.482372760138286,1.2207756272746024,1.4217571371530355,0.06509828173970852,0.03632156928948338,0.0867152040472587,0.47374696233218194,0.21214982946849845,0.4131313393469316,5,6.135203033781199,3.091116303214746,10.346959882939146,52.62675080222985,32.24085788688131,46.5922200585761,5,6.666666666666667,6.666666666666667,8.0,9.333333333333334,218.34061135371178,218.34061135371178,262.0087336244541,305.6768558951965,False,True,True
T00274,D19,V19,2026-08-02,2026-08-02 21:08:00,2026-08-02 21:46:00,38,13.42,17.0,46.6,12.780883,77.771407,12.837347,77.713836,17.010526315789473,11.85,14.976085251000498,46.6,38.230000000000025,43.44,45.934000000000005,46.6,20.25703625363145,41.8,-39.5,7,4,1.015881337985221,1.0045161686023438,0.05510385062024146,1.120477130511819,1.108522368889186,1.118014990053922,0.0441438188447065,0.03832404257320038,0.03300236832994134,0.11185133270571512,0.09989657108308218,0.10938919224781798,0,3.2578084641207488,3.0509934337996203,1.3663998111225444,6.083272145811003,5.618305079393552,5.9263116876705535,0,0.0,0.0,11.052631578947368,6.315789473684211,0.0,0.0,52.16095380029807,29.80625931445604,False,False,False
T00275,D19,V19,2026-07-31,2026-07-31 13:51:00,2026-07-31 14:06:00,15,7.19,18.5,44.3,12.785886,77.77322,12.800776,77.815006,18.52,20.1,13.675588261048016,44.3,34.32,38.069999999999986,43.053999999999995,44.3,18.181316941142786,25.0,-35.4,1,2,1.112755208495051,1.0445022738127476,0.22828454823922836,1.8790348586441923,1.417978366390023,1.7868235601933582,0.12627842762106958,0.06182364051408129,0.21597686430771523,0.8704090608380883,0.4093525685839191,0.7781977623872542,4,6.382860686105132,2.7060118255469616,12.055815259292336,49.06998675361549,22.097352104799896,43.67545982385236,2,16.0,8.0,4.0,8.0,55.63282336578581,27.816411682892905,13.908205841446453,27.816411682892905,True,True,True
T00276,D19,V19,2026-08-01,2026-08-01 18:52:00,2026-08-01 19:33:00,41,18.11,32.4,59.1,12.76287,77.772043,12.64238,77.797309,32.360975609756096,33.0,14.49818743927634,59.1,48.4,50.4,55.90000000000001,58.7,19.149840794090807,45.400000000000006,-46.6,2,4,1.0604209031597422,1.0240297847230813,0.13267364412506244,1.6710748038313545,1.2879631205900268,1.5415945274420306,0.07831140307791702,0.036939634479693284,0.11860060859519346,0.6624490060252506,0.27933732278392287,0.5329687296359266,5,5.787090420477927,3.012341282125915,9.418954643528279,50.64836522534562,23.543045682324113,44.484445343733334,4,7.317073170731708,5.853658536585366,2.926829268292683,5.853658536585366,27.60905577029266,22.087244616234127,11.043622308117063,22.087244616234127,True,False,True
T00277,D19,V19,2026-07-31,2026-07-31 06:39:00,2026-07-31 06:52:00,13,7.32,26.5,54.9,12.778247,77.776324,12.73666,77.794089,26.50769230769231,26.5,15.402297530913016,54.9,43.28,48.899999999999984,53.69999999999999,54.9,23.21112686313205,38.7,-33.7,2,2,1.0959519692169588,1.0279863812327477,0.19236979475373014,1.6885558918792116,1.3900684509829473,1.6288584036999585,0.10765854849514692,0.04510566703681329,0.18086254406377628,0.6799300940731077,0.3814426531768434,0.6202326058938544,3,7.7434270150529,4.022113872082689,12.62841470260993,49.53219155256509,23.909299450764134,44.407613132204865,1,13.846153846153845,4.615384615384615,9.23076923076923,9.23076923076923,40.98360655737705,13.66120218579235,27.3224043715847,27.3224043715847,True,False,True
T00278,D19,V19,2026-08-06,2026-08-06 08:36:00,2026-08-06 08:47:00,11,5.63,29.8,57.8,12.761512,77.787997,12.730154,77.792475,29.80909090909091,25.8,16.863656456738827,57.8,48.9,53.349999999999994,56.910000000000004,57.5,23.54082720412657,33.7,-48.6,1,2,1.1723251249674378,1.0473786325870889,0.2524749126291358,1.690517376426519,1.655513123560577,1.6835165258533304,0.17960180102453943,0.05743864482305405,0.24028797424566717,0.6818915786204149,0.6468873257544728,0.6748907280472265,5,9.909772824105081,3.59574748835343,13.036859776498758,41.077936900482236,34.00210794294489,39.66277110897477,3,27.272727272727273,16.363636363636363,5.454545454545455,10.90909090909091,88.80994671403198,53.285968028419184,17.761989342806395,35.52397868561279,True,True,True
T00279,D19,V19,2026-08-01,2026-08-01 09:26:00,2026-08-01 09:43:00,17,10.28,18.9,46.8,12.777999,77.769787,12.833207,77.735378,18.894117647058824,17.4,14.059803989931513,46.8,37.08,40.559999999999995,45.552,46.8,19.226429419819326,22.9,-39.0,0,4,1.012305263121885,1.0189057856347663,0.06194297899451035,1.1778527072601226,1.0877601917060038,1.1598342041492988,0.04451821102628333,0.03122178717931101,0.04178012934692179,0.16922690945401864,0.10724766294597908,0.15683106015241072,1,4.819550332896587,2.3380761322078456,8.164708690484227,36.14895987438643,11.471436938803404,31.213455287269824,1,3.5294117647058822,3.5294117647058822,0.0,14.117647058823529,9.72762645914397,9.72762645914397,0.0,38.91050583657588,False,False,False
T00280,D19,V19,2026-08-02,2026-08-02 10:49:00,2026-08-02 10:59:00,10,4.99,25.9,50.5,12.784956,77.773644,12.803615,77.79646,25.860000000000003,29.0,15.841731106304149,50.5,41.05,45.77499999999999,49.555,50.5,23.3019884702286,36.1,-39.0,1,2,1.0178359636867875,1.0111409620823655,0.06201479237325868,1.1412361718767943,1.123544366943802,1.1376978108901958,0.04462605696391688,0.030790432776366727,0.04156110924077805,0.13261037407069032,0.11491856913769813,0.12907201308409189,0,5.9073428704872954,3.002426001245628,9.543106890461878,32.99144434546629,19.907899067749003,30.374735289922846,1,0.0,6.0,6.0,12.0,0.0,20.04008016032064,20.04008016032064,40.08016032064128,False,False,False
T00281,D19,V19,2026-08-06,2026-08-06 08:30:00,2026-08-06 08:43:00,13,4.37,16.0,36.6,12.778744,77.78994,12.799399,77.811447,15.992307692307692,17.0,12.495296551000136,36.6,33.080000000000005,35.64,36.408,36.6,13.73550984744399,22.200000000000003,-22.5,0,0,1.0054130956709026,1.004664122978421,0.05035754800662924,1.1027093905467569,1.0842971889142583,1.0990269502202572,0.03993603113006656,0.04344135947320171,0.028622900270182976,0.09408359274065292,0.08416863796243561,0.09210060178500945,0,7.8657488492935475,3.5907102361510597,12.336697071197394,39.65141359396913,34.368270319609074,38.59478493909711,2,0.0,9.23076923076923,0.0,0.0,0.0,45.76659038901602,0.0,0.0,False,True,True
T00282,D19,V19,2026-08-02,2026-08-02 15:52:00,2026-08-02 16:02:00,10,4.61,33.4,58.6,12.779101,77.770045,12.804208,77.766184,33.44,30.6,11.808019873515345,58.6,46.0,52.29999999999998,57.34,40.5,16.76154328614562,23.0,-30.3,0,1,1.0982467967967224,1.040476750487855,0.2208065350425292,1.7095300523828179,1.4464187235753865,1.6569077866213318,0.10807282581808879,0.03913030612164803,0.21142942375256724,0.7009042545767139,0.4377929257692825,0.6482819888152278,1,7.634956561082544,4.453264769979368,11.780985542172164,39.952063776480934,27.261521871427615,37.41395539547028,2,6.0,12.0,0.0,6.0,21.691973969631235,43.38394793926247,0.0,21.691973969631235,False,True,True
T00283,D19,V19,2026-08-02,2026-08-02 16:30:00,2026-08-02 17:14:00,44,20.12,23.1,48.7,12.769686,77.772668,12.634773,77.85211,23.129545454545454,20.55,12.348629140477444,48.7,41.92,44.365,47.324000000000005,47.1,18.945557222678914,35.0,-37.6,3,8,1.0381672855741817,1.0169040359107258,0.12003335148892674,1.6793123592709012,1.229567817443349,1.4975676778067186,0.06135639885763851,0.032294005925576574,0.10699926920220022,0.6706865614647972,0.2209420196372451,0.4889418800006147,3,4.723358319143111,3.017405776942062,7.031462172720531,39.93613651819615,6.954636682974507,36.313133897098,2,4.090909090909091,2.7272727272727275,4.090909090909091,10.90909090909091,14.910536779324055,9.940357852882704,14.910536779324055,39.761431411530815,False,False,False
T00284,D19,V19,2026-08-06,2026-08-06 14:04:00,2026-08-06 14:19:00,15,7.82,21.7,63.3,12.777397,77.775668,12.815278,77.80624,21.706666666666667,22.0,17.923586482089803,63.3,42.16,51.46999999999998,60.93399999999999,63.3,23.96698522869284,46.4,-40.8,2,3,1.0564090672689235,1.0071122082469262,0.15495972722891735,1.5776774068230806,1.2652423990043462,1.5151904052593335,0.07591844403791356,0.020626809952371428,0.14242032843245728,0.5690516090169766,0.25661660119824237,0.5065646074532296,1,9.466176416963227,3.3990145630755983,14.701918389506519,51.967268544729194,41.9992333673343,49.973661509250206,3,4.0,12.0,8.0,12.0,12.78772378516624,38.36317135549872,25.57544757033248,38.36317135549872,False,True,True
T00285,D19,V19,2026-08-06,2026-08-06 09:26:00,2026-08-06 09:44:00,18,5.69,34.5,58.8,12.774972,77.772121,12.744649,77.741574,34.455555555555556,34.0,13.59135634586414,58.8,51.730000000000004,57.015,58.443,52.3,18.21074522994777,35.3,-28.799999999999997,2,1,1.0048983263042253,0.9989924872952827,0.05857843823225055,1.1363753781211559,1.0995751285057853,1.1290153281980817,0.044490164321335346,0.03193322952009492,0.03674692147301371,0.1277495803150519,0.09821132380225515,0.12184192901249251,0,4.159445097305995,2.269029236289011,6.5420809636085,29.714301270600327,10.010371550103915,25.773515326501013,1,0.0,3.3333333333333335,6.666666666666667,3.3333333333333335,0.0,17.57469244288225,35.1493848857645,17.57469244288225,False,False,False
T00286,D20,V20,2026-08-04,2026-08-04 20:16:00,2026-08-04 20:29:00,13,6.86,22.7,40.1,12.777114,77.779661,12.741937,77.751511,22.653846153846153,21.8,13.672759742435286,40.1,39.58,39.8,40.04,40.1,16.631068393144076,33.3,-38.1,1,1,1.0083238348057721,1.009289353951581,0.03647439068895027,1.0584233557513743,1.0510705769655773,1.0569527999942148,0.026168180189461654,0.02000959320494533,0.024261942020877086,0.09107852381963522,0.0663099442950162,0.08612480791471139,0,5.931076691061221,2.659567634033773,10.537959087278056,40.604186976222046,20.38491699919441,36.5603329808165,1,0.0,4.615384615384615,4.615384615384615,4.615384615384615,0.0,14.577259475218657,14.577259475218657,14.577259475218657,False,False,False
T00287,D20,V20,2026-08-04,2026-08-04 06:05:00,2026-08-04 06:19:00,14,8.26,31.2,44.6,12.790248,77.778761,12.755075,77.740642,31.2,33.55,11.332254850646452,44.6,42.21,44.08,44.496,44.300000000000004,15.344541213569897,33.300000000000004,-33.2,1,1,1.0104026929328942,1.0059209276119654,0.05688015308549226,1.1559589093043057,1.10091766728197,1.1449506608998385,0.03955381081256771,0.025418355011623373,0.039419559071715814,0.14733311149820172,0.1088961120841869,0.1396457116153987,1,4.754850843591693,2.9436974492374928,6.237530998059157,26.111794270022887,12.121246955917826,23.31368480720186,1,4.285714285714286,4.285714285714286,4.285714285714286,4.285714285714286,12.106537530266344,12.106537530266344,12.106537530266344,12.106537530266344,False,False,False
T00288,D20,V20,2026-07-31,2026-07-31 06:33:00,2026-07-31 07:12:00,39,12.0,24.0,39.7,12.774948,77.779714,12.722275,77.745312,24.01794871794872,26.0,9.935975882324948,39.7,36.42,37.27,39.358,35.900000000000006,12.293381144868546,22.700000000000003,-35.900000000000006,0,1,1.0133210616031199,1.00914666922108,0.055318840977488036,1.2727749211859887,1.0692303178389195,1.2123225801469706,0.03405669976026118,0.027695117278677572,0.04350193576711513,0.2641491233798847,0.07945030648135806,0.20369678234086655,1,4.0501035703270825,3.207460054310887,6.2432234456656,41.364151145647845,5.276573624360382,27.851365204663118,1,1.5384615384615383,1.5384615384615383,0.0,1.5384615384615383,8.333333333333334,8.333333333333334,0.0,8.333333333333334,False,False,False
T00289,D20,V20,2026-08-02,2026-08-02 14:20:00,2026-08-02 14:32:00,12,4.03,18.4,28.5,12.784309,77.77312,12.76903,77.754424,18.358333333333334,22.1,8.860685211892047,28.5,25.700000000000003,27.014999999999997,28.203000000000003,28.2,14.922242905586725,24.8,-24.5,0,0,1.0050290607659507,0.9966781254917311,0.036271757346373,1.1009200697598351,1.0660402904266812,1.0939441138932045,0.02586010777953247,0.021741554518439954,0.024499239889024263,0.09229427195373119,0.06512950584294862,0.08686131873157471,0,6.211082188883032,3.097195290679723,11.19113690103703,41.63780013401284,21.43977184226139,37.59819447566258,1,0.0,5.0,0.0,0.0,0.0,24.813895781637715,0.0,0.0,False,False,False
T00290,D20,V20,2026-08-06,2026-08-06 08:35:00,2026-08-06 09:02:00,27,10.25,31.0,48.4,12.776356,77.769488,12.736067,77.746499,30.985185185185188,30.9,9.766926282247091,48.4,41.84000000000001,46.33,48.088,46.6,12.182533851959167,23.000000000000004,-20.500000000000004,0,0,1.0288430263078001,1.014353981606027,0.08034414795615007,1.2274559055216607,1.216772014263438,1.2259226685304976,0.05318585605753249,0.035329337317317466,0.06278619491244078,0.21883010771555678,0.20814621645733408,0.21729687072439363,3,6.5191901144528925,3.370904923013997,12.917382038278337,51.26977764726506,37.26623712591781,51.178392501840854,2,6.666666666666666,4.444444444444445,0.0,0.0,29.26829268292683,19.51219512195122,0.0,0.0,False,False,False
T00291,D20,V20,2026-08-06,2026-08-06 16:53:00,2026-08-06 17:03:00,10,4.51,20.9,30.4,12.773749,77.776932,12.769918,77.799556,20.95,18.75,6.137905904206165,30.4,28.509999999999998,29.455,30.211,18.2,7.605874922277734,10.100000000000001,-15.499999999999998,0,0,1.0202243397927324,1.0129141899017755,0.04014275214065385,1.0768960024069176,1.0735605958000194,1.076228921085538,0.029775486833260055,0.014377278899970702,0.02785364637093346,0.06827020460081368,0.0667725388150939,0.06797067144366972,0,6.180027631932123,3.1586620393816043,9.280190279931132,32.3266175156016,20.72678236001946,30.006650484485178,1,0.0,6.0,0.0,0.0,0.0,22.172949002217294,0.0,0.0,False,False,False
T00292,D20,V20,2026-08-01,2026-08-01 08:20:00,2026-08-01 08:48:00,28,22.32,23.9,42.1,12.772288,77.785125,12.876202,77.742994,23.942857142857143,24.35,11.645168401098676,42.1,37.42,39.1,41.290000000000006,41.4,18.894005026090312,33.199999999999996,-30.599999999999998,4,4,1.034830774167827,1.0164611017866254,0.07782899759183358,1.2532457859494284,1.2100126219969614,1.2501300665271708,0.05548993468111563,0.03932082876025017,0.059802275929609704,0.24461998814332442,0.2013868241908574,0.24150426872106698,3,4.720458772641577,4.0265275980041615,5.065316820635515,29.64654785974246,5.906461875996991,23.266682362673283,1,6.428571428571429,2.142857142857143,8.571428571428571,8.571428571428571,13.440860215053762,4.480286738351254,17.921146953405017,17.921146953405017,False,False,False
T00293,D20,V20,2026-08-06,2026-08-06 10:16:00,2026-08-06 10:46:00,30,15.03,22.9,37.5,12.772361,77.787917,12.678226,77.797234,22.86,24.299999999999997,9.829568342155389,37.5,32.28,36.17499999999999,37.442,37.5,14.094947329801737,31.7,-37.3,1,2,1.0248500986055653,1.016443566376054,0.07692680391234645,1.3005602638862992,1.1700791866701759,1.2794266193378077,0.04674476594643514,0.02647165313699079,0.06268666069296736,0.29193446608019524,0.16145338886407193,0.27080082153170365,2,4.485213113441705,3.418585863124683,5.611938320901,33.05750444301566,6.507647823035753,25.385787989629073,1,4.0,2.0,2.0,4.0,13.306719893546243,6.653359946773121,6.653359946773121,13.306719893546243,False,False,False
T00294,D20,V20,2026-08-01,2026-08-01 21:33:00,2026-08-01 22:17:00,44,21.19,24.3,39.4,12.766446,77.778866,12.687456,77.641595,24.345454545454547,25.7,8.79453991671668,39.4,34.5,35.269999999999996,39.4,38.9,11.655081734271882,28.0,-24.2,1,0,1.0150497034646218,1.0118355384245874,0.06313134662378114,1.1924621587287372,1.1269289495646122,1.1888370493810658,0.04539294693923069,0.030842635798281615,0.04381043808205082,0.18383636092263322,0.11830315175850835,0.18021125157496193,2,5.198915987628585,3.4332015410715675,8.289222748590856,44.22612124073283,7.495226809198512,42.43735412822292,3,2.7272727272727275,4.090909090909091,1.3636363636363638,0.0,9.438414346389806,14.15762151958471,4.719207173194903,0.0,False,False,False
T00295,D20,V20,2026-08-03,2026-08-03 15:59:00,2026-08-03 16:10:00,11,6.97,23.6,47.9,12.787322,77.774516,12.825854,77.768267,23.636363636363637,20.6,9.674117295885218,47.9,31.3,39.6,46.24,34.8,13.06170669622396,23.799999999999997,-29.9,0,1,1.0335850250993854,1.020808013291432,0.07831855131022905,1.2319683437491404,1.160131440543632,1.217600963108039,0.05227496379070043,0.041627981049273455,0.06175043146300674,0.22334254594303649,0.15150564273752798,0.20897516530193483,1,6.745487893097735,2.6794215793711897,13.760930651394151,48.036544421929435,26.69732988111667,43.7687015137669,1,5.454545454545455,5.454545454545455,0.0,5.454545454545455,14.347202295552368,14.347202295552368,0.0,14.347202295552368,False,False,False
T00296,D20,V20,2026-08-05,2026-08-05 21:45:00,2026-08-05 22:15:00,30,18.68,26.0,41.5,12.771871,77.770652,12.645367,77.739826,25.983333333333334,26.700000000000003,7.504852836129036,41.5,37.230000000000004,38.87499999999999,41.065,28.3,9.09275889748629,17.2,-16.7,0,0,1.0117271797097893,0.9992301256992369,0.0481665268998657,1.1425992298264516,1.1022396920696569,1.1315487136971818,0.03563107775646217,0.025750200007743085,0.03188436062583611,0.13397343202034762,0.09361389426355304,0.12292291589107789,0,3.095204675248542,2.8887943291288636,1.3250171182965387,5.986484778231713,5.861177093029719,5.966290351355759,0,0.0,0.0,0.0,0.0,0.0,0.0,0.0,0.0,False,False,False
T00297,D20,V20,2026-08-04,2026-08-04 08:34:00,2026-08-04 08:57:00,23,14.04,28.6,49.9,12.774765,77.770779,12.790036,77.673572,28.58695652173913,29.4,10.398308618923913,49.9,41.3,41.58,48.07400000000001,47.3,11.954073842122815,17.9,-25.5,0,1,1.0201480315581277,1.0094577752437197,0.07056455950719479,1.3013354678944242,1.069447952956645,1.250537458550658,0.038810879660949815,0.027820534620230708,0.05952647904661161,0.2927096700883203,0.0670590681314149,0.24318689304544183,1,6.614355204282251,3.10138678658435,12.235793841182884,53.71289696153057,31.62408507660361,49.5087545693698,2,2.608695652173913,5.217391304347826,0.0,2.608695652173913,7.122507122507122,14.245014245014245,0.0,7.122507122507122,False,False,False
T00298,D20,V20,2026-08-06,2026-08-06 16:19:00,2026-08-06 16:43:00,24,8.45,22.3,33.6,12.773214,77.770862,12.789296,77.824389,22.329166666666666,24.8,9.81261296436407,33.6,30.99,33.06999999999999,33.554,33.6,15.13923542571957,30.5,-30.200000000000003,1,1,1.0285004310512915,1.0199841005925712,0.08419483611537376,1.2987574831353235,1.149120168624862,1.2644393415993547,0.059733180858127004,0.03985089400408137,0.06146348349760942,0.2901316853292195,0.14049437081875799,0.2558135437932508,3,5.459586765398778,3.344051568143371,7.764882754583865,33.2561648420259,23.752674815376693,31.803469979542008,2,7.5,5.0,2.5,2.5,35.50295857988166,23.66863905325444,11.83431952662722,11.83431952662722,True,False,True
T00299,D20,V20,2026-08-02,2026-08-02 09:24:00,2026-08-02 09:56:00,32,12.68,24.2,44.1,12.777973,77.778784,12.805574,77.722085,24.225,25.25,9.899103902097206,44.1,34.81,36.095,41.80600000000001,42.2,12.656987981272026,26.5,-31.9,1,1,1.0413032561386573,1.012788549841682,0.10830034702845005,1.4818846108924946,1.2739012365558693,1.4181359307274666,0.05584378482397848,0.028062322857079935,0.09804132366218785,0.4732588130863906,0.2652754387497652,0.4095101329213625,3,5.010389538199353,3.148656953979741,9.513896785867063,55.589093354722024,9.826115092144079,42.634606948937154,2,5.625,3.75,1.875,1.875,23.659305993690854,15.772870662460567,7.886435331230284,7.886435331230284,False,False,False
T00300,D20,V20,2026-08-04,2026-08-04 07:38:00,2026-08-04 08:21:00,43,24.19,23.5,37.3,12.775083,77.770222,12.903515,77.679631,23.53953488372093,25.4,8.600917435419143,37.3,32.22,33.69,37.089999999999996,35.699999999999996,11.785087335248996,29.299999999999997,-22.4,1,0,1.016066200535116,1.007494913138523,0.05963828939366985,1.2041067228447817,1.1497214395514157,1.188572642124622,0.04043139877947588,0.024218869752466232,0.04404297732584371,0.19548092503867776,0.14109564174531183,0.17994684431851818,3,4.395373374020356,3.247414356068532,6.288609307286458,43.23470018399573,5.777260288262827,28.993170492475684,2,4.186046511627907,2.7906976744186047,1.3953488372093024,0.0,12.401818933443572,8.267879288962382,4.133939644481191,0.0,False,False,False
T00301,D21,V21,2026-07-31,2026-07-31 08:02:00,2026-07-31 08:43:00,41,18.17,27.5,48.1,12.960144,77.606451,12.827577,77.569407,27.509756097560977,28.3,10.668266140241553,48.1,41.4,45.3,47.5,47.800000000000004,14.20233276956856,31.9,-28.5,3,1,1.015353161804329,1.0061918306168063,0.05251052974690678,1.202428376245338,1.097588720787527,1.1633505875921342,0.03877234690121979,0.030457451986712236,0.03553684482322917,0.1938025784392341,0.08896292298142305,0.15472478978603016,1,5.574400765222503,2.958462438497403,9.340087393135244,42.04934482248208,36.05385554971895,39.65891928181878,3,1.4634146341463414,4.390243902439025,4.390243902439025,1.4634146341463414,5.503577325261419,16.510731975784257,16.510731975784257,5.503577325261419,False,False,False
T00302,D21,V23,2026-08-01,2026-08-01 12:34:00,2026-08-01 13:06:00,32,15.77,21.1,44.3,12.973577,77.598822,12.932084,77.675587,21.075,21.549999999999997,10.503670633364012,44.3,33.17,35.23,42.068000000000005,42.9,17.43247774247641,41.9,-42.099999999999994,1,3,1.0322773934447023,1.0083657605046754,0.11359424898214782,1.5471373565394895,1.1820233507047373,1.452244767824475,0.061901302160818725,0.043318672062889196,0.09759979376000502,0.5385115587333855,0.17339755289863323,0.44361897001837114,2,4.388052086550346,3.7341818248571284,5.195591382847444,32.04327698597633,5.8001122296581356,23.935029394757592,1,3.75,1.875,1.875,5.625,12.682308180088775,6.3411540900443875,6.3411540900443875,19.023462270133162,False,False,False
T00303,D21,V21,2026-08-04,2026-08-04 12:57:00,2026-08-04 13:28:00,31,13.29,31.1,50.6,12.990543,77.599503,13.091564,77.590452,31.148387096774194,31.0,13.088795996773776,50.6,45.4,48.35,50.45,49.0,15.870286701884122,37.0,-28.0,4,2,0.9953158900887804,0.9930730083936428,0.04620629359735173,1.1076520211691034,1.0931166641481658,1.1067441333596606,0.036816752952519766,0.029079984686574578,0.030289017674134333,0.09902622336299949,0.09744777434618124,0.09898704176235144,0,4.290789752890718,3.6099445979128264,4.378316732075347,27.04544693659175,5.479517770038128,20.602643188113593,1,0.0,1.9354838709677418,7.741935483870967,3.8709677419354835,0.0,7.524454477050415,30.09781790820166,15.04890895410083,False,False,False
T00304,D21,V21,2026-08-03,2026-08-03 08:08:00,2026-08-03 08:53:00,45,16.69,24.8,46.5,12.985542,77.605352,13.099795,77.643394,24.75111111111111,24.9,9.155614825247008,46.5,34.88,38.779999999999994,44.52000000000001,45.1,12.694068049146562,29.4,-33.099999999999994,1,2,1.0181816833380386,1.006187358298642,0.06165127130800752,1.2318027439488841,1.109187615258046,1.2284509520261202,0.03999140656742811,0.02516044702403497,0.04752482434545777,0.22317694614278016,0.10056181745194198,0.21982515422001622,2,6.096548050517556,3.42349236891219,10.20500276607672,47.680961609430646,33.74797866626614,45.377047147541425,4,2.6666666666666665,5.333333333333333,1.3333333333333333,2.6666666666666665,11.983223487118034,23.966446974236067,5.991611743559017,11.983223487118034,False,False,False
T00305,D21,V21,2026-08-05,2026-08-05 15:29:00,2026-08-05 15:42:00,13,5.13,20.9,31.0,12.977807,77.598717,13.012725,77.58873,20.86923076923077,24.4,8.03641551681932,31.0,27.7,29.139999999999993,30.627999999999997,28.3,9.956701132197221,17.2,-17.5,0,0,1.012704922885862,1.009240308350791,0.03038312184369055,1.0688540592616,1.0530427028403997,1.06569178797736,0.023118765422472667,0.01947464656580944,0.019030051724100886,0.06022826145549609,0.05820387955034191,0.05982338507446525,0,2.6168813127560075,2.077137453323684,1.3266159496481116,4.954169960750236,4.44399371417419,4.852134711435026,0,0.0,0.0,0.0,0.0,0.0,0.0,0.0,0.0,False,False,False
T00306,D21,V21,2026-07-31,2026-07-31 10:06:00,2026-07-31 10:39:00,33,11.58,30.8,46.8,12.977851,77.606936,13.004024,77.69168,30.848484848484848,31.5,8.871306316297266,46.8,39.52,42.98,46.192,45.5,12.504347728738678,33.0,-22.099999999999998,2,0,1.0218605511134133,1.0192379506278206,0.05646305888042781,1.1916983678767041,1.1407087489893708,1.1799345259587826,0.04070043986816741,0.031031812554558003,0.040748216961960695,0.18307257007060018,0.13208295118326685,0.17130872815267859,2,6.705344652631366,2.9379925119033232,11.686565807519013,50.4752949471323,38.038588587377824,47.225464452220905,3,3.6363636363636362,5.454545454545454,3.6363636363636362,0.0,17.271157167530223,25.906735751295336,17.271157167530223,0.0,False,False,False
T00307,D21,V29,2026-08-03,2026-08-03 07:40:00,2026-08-03 08:18:00,38,9.46,18.0,31.6,12.972842,77.603291,12.940913,77.561789,18.03684210526316,18.85,9.09488781419396,31.6,28.4,29.715,30.934000000000005,29.1,12.57936313792965,25.2,-25.3,1,1,1.0365467485335949,1.0160881931514432,0.12755219895637285,1.7653540721339727,1.088793822397818,1.5176414106946843,0.050305201942804016,0.02555762968454689,0.12029631900584943,0.7567282743278687,0.08016802459171411,0.5090156128885802,1,4.481108437790074,3.1777259402745104,5.90835014336245,37.454233405584475,8.153694384900884,28.350104093902495,2,1.5789473684210527,3.1578947368421053,1.5789473684210527,1.5789473684210527,10.570824524312895,21.14164904862579,10.570824524312895,10.570824524312895,False,False,False
T00308,D21,V21,2026-08-05,2026-08-05 18:48:00,2026-08-05 19:27:00,39,19.68,27.8,45.0,12.974996,77.592699,12.993953,77.448035,27.805128205128206,28.9,8.938531279270622,45.0,36.160000000000004,38.5,42.871999999999986,43.3,12.7881698240754,26.7,-24.2,2,0,1.0088177374987632,0.9990845810040309,0.04708394737263124,1.2255194816892958,1.0706324628447605,1.1693672439222078,0.030758395893383632,0.02238951780014109,0.03529816112726411,0.21689368388319186,0.06237330581760463,0.16074144611610394,1,4.320566999730758,3.7211288609775393,6.109280324643001,40.40957683520083,5.540827064331211,27.602771881159995,1,1.5384615384615383,1.5384615384615383,3.0769230769230766,0.0,5.08130081300813,5.08130081300813,10.16260162601626,0.0,False,False,False
T00309,D21,V21,2026-08-04,2026-08-04 16:12:00,2026-08-04 16:45:00,33,13.11,20.2,35.8,12.980274,77.612112,13.060175,77.593696,20.233333333333334,19.5,10.109916748750539,35.8,34.019999999999996,35.58,35.768,35.5,12.75235495185818,33.3,-24.1,3,0,1.019433245379468,1.0127783567987618,0.05242653225521513,1.1824385819145111,1.1016986647970295,1.1672418829108244,0.04002090238952032,0.03414901511705504,0.03488935852813457,0.17381278410840717,0.0930728669909256,0.1586160851047204,1,4.187025423958719,2.777804888756588,6.590879582022487,40.17171890770919,5.64556844377607,29.358494245241324,1,1.8181818181818181,1.8181818181818181,5.454545454545454,0.0,7.627765064836003,7.627765064836003,22.883295194508012,0.0,False,False,False
T00310,D21,V21,2026-08-02,2026-08-02 18:49:00,2026-08-02 19:15:00,26,8.85,25.4,38.4,12.967992,77.614853,12.96012,77.682227,25.373076923076926,25.950000000000003,7.911690473839719,38.4,33.75,36.75,38.175,29.9,10.732212475318619,22.4,-24.200000000000003,0,0,1.013044953521651,1.0110785870146035,0.04597476514446406,1.14861481794377,1.0633992508847006,1.1279195999055291,0.035463255883499106,0.0382080122463741,0.02874092737271243,0.13998902013766612,0.06300736149038855,0.12076544762791183,1,4.920856545668071,3.7025426215438983,6.5853745293061285,36.73503232610528,5.3771396407170915,28.90016730928053,1,2.3076923076923075,2.3076923076923075,0.0,0.0,11.299435028248588,11.299435028248588,0.0,0.0,False,False,False
T00311,D21,V21,2026-07-31,2026-07-31 11:35:00,2026-07-31 12:12:00,37,11.33,26.1,59.5,12.965192,77.599059,12.900618,77.572075,26.089189189189188,24.8,9.426610790257069,59.5,35.059999999999995,37.18,51.58000000000001,53.2,12.80074779628691,30.0,-28.599999999999998,1,2,1.013545037865225,1.0072904248527332,0.048695448137387944,1.208230938190212,1.0918080516595903,1.1691237742503926,0.03134691407414276,0.020265539600625493,0.03723161978449439,0.19960514038410815,0.08318225385348624,0.16049797644428865,1,4.579615582517747,3.0825476476447204,8.847929891765242,56.30117050293005,5.921958765333095,38.441816294039626,1,1.6216216216216215,1.6216216216216215,1.6216216216216215,3.243243243243243,8.8261253309797,8.8261253309797,8.8261253309797,17.6522506619594,False,False,False
T00312,D21,V21,2026-08-05,2026-08-05 14:55:00,2026-08-05 15:29:00,34,21.52,19.3,37.7,12.979031,77.598294,13.106771,77.529286,19.33235294117647,20.5,10.09235295831919,37.7,32.5,34.474999999999994,36.74300000000001,36.5,12.753793605704084,23.1,-22.599999999999998,0,0,1.032904200287677,1.011404108976768,0.10078871433854017,1.49432995017834,1.166809474450934,1.411102380962343,0.05249785548437343,0.02641580636057711,0.08902879800326313,0.4857041523722361,0.15818367664483013,0.40247658315623924,2,7.079041146254624,3.579468340354733,9.377009440062267,35.19176039927528,32.23796508457287,34.61411021568647,5,3.5294117647058822,8.823529411764707,0.0,0.0,9.293680297397769,23.234200743494423,0.0,0.0,False,True,True
T00313,D21,V21,2026-08-06,2026-08-06 08:37:00,2026-08-06 09:01:00,24,14.88,24.2,39.9,12.968358,77.606051,13.048922,77.550931,24.2,25.15,9.546317295849926,39.9,34.72,37.06999999999999,39.324999999999996,38.8,13.46418693089727,35.8,-26.5,1,1,1.0058573245133904,1.0085313566853964,0.032818357367109634,1.0582065015865287,1.046960918079429,1.0558972999355158,0.025254826727376483,0.026951577046969155,0.020481828063109685,0.08090978522466752,0.05725516540028911,0.07578071551904321,0,4.318256719083662,2.608445677226191,7.38730348460505,38.399885416495714,5.684890232645807,30.881391005406215,1,0.0,2.5,2.5,2.5,0.0,6.720430107526881,6.720430107526881,6.720430107526881,False,False,False
T00314,D21,V21,2026-08-06,2026-08-06 12:02:00,2026-08-06 12:32:00,30,16.1,25.8,43.3,12.974296,77.611167,12.906655,77.705228,25.8,26.05,10.926052383622146,43.3,39.01,41.64999999999999,43.213,41.8,14.710509574927137,26.5,-30.5,3,2,0.9954125522067355,0.995630889163372,0.034960335790123,1.0591723183693955,1.0440809086975422,1.0549285557438977,0.030052570504417116,0.02728950936448371,0.021645667909796412,0.09071839506876889,0.06704657825622114,0.08603446531310285,0,2.8591468135209963,2.8595529563508677,1.073635219660723,5.330984899622207,4.258977903299983,5.0807834042712035,0,0.0,0.0,6.0,4.0,0.0,0.0,18.633540372670808,12.422360248447205,False,False,False
T00315,D21,V21,2026-08-06,2026-08-06 19:18:00,2026-08-06 19:34:00,16,6.23,29.4,44.5,12.974802,77.621288,12.983993,77.660051,29.4,30.9,11.308403954581744,44.5,42.3,43.075,44.214999999999996,40.6,16.49378544583788,28.200000000000003,-31.3,1,2,1.0274884345724953,1.0306004695958386,0.04867255839875778,1.14165756687371,1.1158520398895588,1.1364964614768798,0.039616741780548186,0.032083075083395696,0.032778320579100545,0.13303176906760594,0.10722624208345494,0.12787066367077574,0,2.8339339068843112,2.5953252476840967,1.0042442525794475,4.898693703427476,4.397058175536516,4.7983665978492835,0,0.0,0.0,3.75,7.5,0.0,0.0,16.051364365971107,32.102728731942214,False,False,False
T00316,D22,V22,2026-08-03,2026-08-03 14:48:00,2026-08-03 14:58:00,10,4.6,26.1,37.5,12.984127,77.604746,13.007312,77.580843,26.110000000000003,31.5,12.794569160389887,37.5,35.43,36.464999999999996,37.293,35.6,14.56297054556903,31.6,-28.7,1,1,0.9957875214679761,0.9977968233016613,0.03105393316768886,1.0478831041676355,1.038986701563259,1.0461038236467601,0.025416235113683718,0.02258590837386265,0.0207297001276762,0.0641529289527949,0.05609501554776619,0.06254134627178916,0,3.078873084258597,3.3722178771705438,1.207095011922771,4.467639197607614,4.407140403879082,4.455539438861908,0,0.0,0.0,6.0,6.0,0.0,0.0,21.73913043478261,21.73913043478261,False,False,False
T00317,D22,V22,2026-08-05,2026-08-05 18:58:00,2026-08-05 19:26:00,28,12.59,20.0,27.6,12.97742,77.60826,12.964268,77.701301,19.960714285714285,21.45,6.256808989425738,27.6,24.48,25.744999999999997,27.222,24.1,8.556716319938051,20.7,-17.9,0,0,1.0082702127289487,1.0171517015935736,0.04718638671331232,1.1036317320555802,1.0802081156790966,1.0982945477189052,0.03747891567995112,0.03479568290229407,0.02774873532268986,0.09714239148429926,0.09137231831297686,0.09656554803089705,0,5.094673357673922,3.804648031234378,7.4928350827851,42.68968376551881,6.070006929172939,32.804593915566485,1,0.0,2.142857142857143,0.0,0.0,0.0,7.942811755361397,0.0,0.0,False,False,False
T00318,D22,V22,2026-08-06,2026-08-06 18:32:00,2026-08-06 19:15:00,43,14.81,17.6,31.3,12.963593,77.618514,12.898829,77.707029,17.63953488372093,18.3,6.846971507618175,31.3,24.740000000000002,25.74,30.375999999999998,31.1,9.404884336924042,25.6,-19.6,1,0,1.0060379825211268,1.01082639459009,0.039230952966376714,1.1567765557790322,1.0508127267753207,1.1125319920228902,0.027269144919201675,0.02043299546083066,0.028010939474505957,0.1481507579729282,0.0620541697172693,0.13209176254556537,1,3.2223166103795844,3.219192445319168,1.322786142293971,8.115750119366663,5.01689831445862,7.160844660851033,1,1.3953488372093024,1.3953488372093024,1.3953488372093024,0.0,6.7521944632005395,6.7521944632005395,6.7521944632005395,0.0,False,False,False
T00319,D22,V22,2026-08-05,2026-08-05 21:48:00,2026-08-05 22:26:00,38,17.88,20.3,30.6,12.98558,77.596183,13.116924,77.609511,20.347368421052632,21.85,6.752366425712095,30.6,27.6,27.705000000000002,29.749000000000006,29.5,8.332255786189386,14.100000000000001,-21.0,0,0,1.0094354717654974,1.0120787739023793,0.05929839270862386,1.208081536983328,1.0834509894707491,1.1655947884333693,0.04481960165104759,0.0401460723207106,0.038129833113421274,0.19945573917722403,0.09994482542003777,0.16389483166355487,1,3.957717102434071,3.068844446954575,5.669029810722497,37.143706061727336,5.739626144193713,25.574073042614767,1,1.5789473684210527,1.5789473684210527,0.0,0.0,5.592841163310962,5.592841163310962,0.0,0.0,False,False,False
T00320,D22,V22,2026-07-31,2026-07-31 19:03:00,2026-07-31 19:48:00,45,15.92,25.0,33.5,12.965233,77.617843,12.849747,77.59055,24.982222222222223,25.7,5.047604692456922,33.5,30.060000000000002,31.74,33.192,28.7,5.486079721173463,13.2,-17.5,0,0,1.0032761929328708,0.9985239105800121,0.0505631089098312,1.194566448549431,1.080593099523958,1.1481058979228118,0.03766229780212768,0.029322984576202193,0.03369288537017068,0.185940650743327,0.08506584382555954,0.14662715958930356,1,3.3677857119599612,3.410703739699478,1.5535434052244828,7.196151749372715,5.780550138714609,6.765339523602338,0,1.3333333333333333,0.0,0.0,0.0,6.281407035175879,0.0,0.0,0.0,False,False,False
T00321,D22,V22,2026-08-06,2026-08-06 14:15:00,2026-08-06 14:56:00,41,26.67,28.9,42.8,12.966907,77.610046,12.90448,77.458163,28.863414634146345,32.0,9.70215842216465,42.8,36.3,38.2,41.120000000000005,42.8,14.142638350470365,34.9,-30.3,3,2,1.0227107138832618,1.0064497006805655,0.08865151211963866,1.4454684361825407,1.2172641455329243,1.357646802764097,0.04529844439470353,0.02636598960092651,0.07719577250294854,0.4368426383764368,0.20863834772682033,0.34902100495799326,3,4.436277578221174,3.4986568851489284,6.857921134002371,46.437822946387136,5.245007149661476,30.87776524293869,1,4.390243902439025,1.4634146341463414,4.390243902439025,2.926829268292683,11.24859392575928,3.749531308586427,11.24859392575928,7.499062617172854,False,False,False
T00322,D22,V22,2026-08-03,2026-08-03 09:37:00,2026-08-03 10:20:00,43,10.42,18.8,27.3,12.971139,77.596907,12.964899,77.524126,18.83953488372093,21.0,6.86124865544526,27.3,24.96,25.2,26.711999999999996,26.5,10.486417413307224,24.1,-23.900000000000002,0,0,1.0054799365715716,1.0041578561162583,0.053701595599512236,1.232695014997627,1.0811812439267212,1.1857868553384887,0.035790024524788966,0.025898470415642083,0.039781520236085846,0.22406921719152306,0.09421590743387408,0.1771610575323848,1,3.6574882543132627,2.9101374537983595,4.982867375391455,34.7441779295467,4.922298354561882,22.408133540349766,1,1.3953488372093024,1.3953488372093024,0.0,0.0,9.596928982725528,9.596928982725528,0.0,0.0,False,False,False
T00323,D22,V22,2026-08-02,2026-08-02 21:31:00,2026-08-02 21:46:00,15,8.79,28.1,35.6,12.97722,77.589985,13.010775,77.549937,28.053333333333335,32.7,10.08073598975978,35.6,34.440000000000005,34.9,35.46,32.4,10.864546974097951,30.2,-23.5,1,0,1.0066295118116528,1.0025936365247885,0.03034020110996078,1.0959685214457575,1.0517621326384905,1.087127243684304,0.0205141952599477,0.012992833305631057,0.021769381359124252,0.08734272363965356,0.0564663717459111,0.08116745326090505,0,3.7229407195775943,3.7254395713794635,1.4015752866396436,6.1403745814078805,5.7914835901983635,6.070596383165977,0,0.0,0.0,4.0,0.0,0.0,0.0,11.37656427758817,0.0,False,False,False
T00324,D22,V22,2026-08-02,2026-08-02 06:54:00,2026-08-02 07:33:00,39,16.51,17.0,24.2,12.975109,77.601579,13.031546,77.507889,16.964102564102564,18.4,5.424674968651999,24.2,22.02,23.91,24.124,20.1,7.781252774254421,13.9,-17.700000000000003,0,0,1.0422111090720554,1.0085202030698244,0.15811339709417252,1.8381297560292094,1.131390898808848,1.721901888986388,0.05583899150880823,0.016794662985261555,0.15151718568404896,0.8295039582231054,0.12276510100274397,0.713276091180284,2,3.8178399298906855,3.0735159020249103,3.608021153659102,23.173549577050125,6.450748691657482,17.9506884229945,2,3.0769230769230766,3.0769230769230766,0.0,0.0,12.113870381586915,12.113870381586915,0.0,0.0,False,False,False
T00325,D22,V22,2026-08-06,2026-08-06 21:43:00,2026-08-06 22:27:00,44,20.74,24.0,33.8,12.974436,77.614072,13.11455,77.62041,24.00909090909091,25.7,6.9935790545001595,33.8,29.91,30.369999999999997,33.112,33.099999999999994,9.010319430341328,27.2,-28.400000000000002,1,1,1.0072533566909485,1.0091918818218697,0.040890869832108954,1.1191738024096167,1.0780772224741484,1.1041914533751833,0.032854056944295836,0.02829579904144497,0.023864188776462774,0.11054800460351277,0.07490316055863037,0.09744405323966737,0,3.7374678428420514,3.040587965148738,5.49171829221214,38.364335000101335,5.361184777514393,24.315972534830365,1,0.0,1.3636363636363638,1.3636363636363638,1.3636363636363638,0.0,4.821600771456124,4.821600771456124,4.821600771456124,False,False,False
T00326,D22,V22,2026-08-03,2026-08-03 16:59:00,2026-08-03 17:15:00,16,5.74,28.0,39.4,12.960843,77.594126,12.920578,77.59879,27.96875,27.75,7.153620878035589,39.4,34.650000000000006,36.625,38.845,32.6,11.21653541280313,19.5,-32.6,0,1,1.0067294253416388,1.0018775890650444,0.027748665338109817,1.0648741709704486,1.0499434227228255,1.0618880213209239,0.02322110258293427,0.02046221455918623,0.01409456726166863,0.05624837316434461,0.04882370128257227,0.05476343878799014,0,3.6600650737161926,4.080952381415106,1.425222286723632,5.695902035674419,5.437477720204902,5.6442171725805155,0,0.0,0.0,0.0,3.75,0.0,0.0,0.0,17.421602787456447,False,False,False
T00327,D22,V22,2026-08-01,2026-08-01 10:11:00,2026-08-01 10:47:00,36,20.38,23.0,32.4,12.962418,77.619008,12.830851,77.69524,23.01111111111111,24.55,6.492007295910776,32.4,28.6,29.75,31.944999999999997,30.4,9.143287936279503,20.700000000000003,-27.0,0,1,0.9982582180808739,0.9944908372105545,0.03564390600046238,1.1112632451404123,1.055849280205,1.0957993182102728,0.028105749672435263,0.020424419158115936,0.023844142037994263,0.10263744733430835,0.0701810451956264,0.09306541166865707,0,4.311716376350848,3.4579177905521368,6.001643984387433,38.73519071851848,5.107686644382275,27.06139108933769,1,0.0,1.6666666666666667,0.0,1.6666666666666667,0.0,4.906771344455349,0.0,4.906771344455349,False,False,False
T00328,D22,V22,2026-08-06,2026-08-06 06:09:00,2026-08-06 06:22:00,13,6.7,24.3,32.2,12.969332,77.612381,12.995361,77.63457,24.33076923076923,24.3,3.892596523184454,32.2,27.76,29.559999999999995,31.671999999999997,13.300000000000004,6.547831897972227,12.600000000000001,-12.700000000000003,0,0,1.014072038121274,1.004345060225817,0.05276024348199513,1.1692997904729139,1.0933827007624528,1.1541163725308217,0.030741527211324147,0.021498146486377268,0.04233180443932487,0.16067399266680993,0.10112217457535877,0.1487636290485196,1,7.21645847638239,3.263035396682052,13.327036278940744,51.41355755051385,23.75079583982958,45.88100520837696,1,4.615384615384615,4.615384615384615,0.0,0.0,14.925373134328357,14.925373134328357,0.0,0.0,False,False,False
T00329,D22,V22,2026-08-04,2026-08-04 19:48:00,2026-08-04 20:23:00,35,18.3,25.8,36.7,12.971685,77.597302,12.827202,77.594683,25.82857142857143,30.8,11.172144231197924,36.7,34.74,35.71,36.53,36.300000000000004,13.6611809718713,25.099999999999998,-34.0,1,3,1.0096400791946634,1.0006023186061483,0.037260161240527535,1.127338902016603,1.0620361209616442,1.1071120986343346,0.029524565084305485,0.026022451600427488,0.022181985105105644,0.11871310421049897,0.06466810094380739,0.1046579750668742,0,3.2073810404232437,2.9775325355065387,1.4555435628463063,6.298523636535788,5.97288187907541,6.2957796486194315,0,0.0,0.0,1.7142857142857142,5.142857142857142,0.0,0.0,5.46448087431694,16.39344262295082,False,False,False
T00330,D22,V22,2026-08-06,2026-08-06 14:25:00,2026-08-06 14:37:00,12,4.14,15.0,26.4,12.978786,77.603684,12.998663,77.582109,14.950000000000001,16.5,8.106282636438122,26.4,23.28,24.804999999999996,26.081,26.4,8.58671895570377,14.1,-16.6,0,0,1.0104699954895429,1.0193104923344367,0.038847789903626036,1.0520693893465394,1.0490450497445825,1.051464521426148,0.029710716956064226,0.026313048834500086,0.023449657762545918,0.07411362560073342,0.0692324795744414,0.07313739639547502,0,3.652486248974993,3.1481100761857572,1.5075063820936219,7.2224511074842175,6.233806108598538,7.024722107707083,0,0.0,0.0,0.0,0.0,0.0,0.0,0.0,0.0,False,False,False
T00331,D23,V23,2026-08-02,2026-08-02 19:30:00,2026-08-02 20:15:00,45,22.43,25.8,69.8,13.015884,77.547277,12.950426,77.680497,25.8,26.9,16.64270246848586,69.8,45.34,47.56,61.26400000000004,69.8,23.57144266036572,53.199999999999996,-40.9,7,8,1.0477489757131822,1.0281142932573206,0.07991156690921555,1.2255325373077615,1.2093500072542476,1.2243822425841264,0.06296084209327514,0.042071589646629715,0.06242682419867884,0.2169067395016575,0.2007242094481436,0.21575644477802247,7,5.250735104538546,2.939217582963194,8.490367187140132,40.888465366164084,27.706613048852873,38.04315679456364,3,9.333333333333334,4.0,9.333333333333334,10.666666666666666,31.20820329915292,13.374944271065537,31.20820329915292,35.666518056174766,True,False,True
T00332,D23,V23,2026-08-04,2026-08-04 19:01:00,2026-08-04 19:11:00,10,6.07,31.5,52.8,13.034979,77.557345,13.05558,77.582521,31.53,29.150000000000002,14.457604688652038,52.8,51.54,52.169999999999995,52.674,38.8,20.79254406966326,25.799999999999997,-37.4,1,2,1.026414558789622,1.0129039565083204,0.08927705630791208,1.248814237587,1.1684441294543084,1.2327402159604617,0.054978970743514696,0.03293265075659696,0.07045176677871315,0.240188439780896,0.16970363047164,0.22609147791904485,1,3.3067423600235086,3.3069182924143914,1.4257843706481768,5.844972198394104,5.203240869529642,5.716625932621212,0,6.0,0.0,6.0,12.0,16.474464579901152,0.0,16.474464579901152,32.948929159802304,False,False,False
T00333,D23,V23,2026-08-03,2026-08-03 14:52:00,2026-08-03 15:20:00,28,12.93,34.7,55.8,13.030805,77.559867,13.125941,77.542895,34.66428571428572,36.8,15.231575738278016,55.8,51.18,53.875,55.611,54.599999999999994,18.569286811787165,51.7,-26.0,2,2,1.039589698960194,1.011510606555738,0.10008555948007833,1.4351668892501666,1.2017605436538634,1.374425155378997,0.0604706405887535,0.030087646483765162,0.08496623148071665,0.4265410914440626,0.19313474584775953,0.36579935757289295,3,3.445675928586515,2.958270511273546,3.2708928844654706,19.27506939027717,5.206648207459849,15.666774743037859,1,6.428571428571429,2.142857142857143,4.285714285714286,4.285714285714286,23.20185614849188,7.733952049497293,15.467904098994586,15.467904098994586,False,False,False
T00334,D23,V23,2026-08-06,2026-08-06 15:43:00,2026-08-06 15:57:00,14,9.14,29.9,70.2,13.022381,77.554559,12.985406,77.507842,29.914285714285715,27.3,16.618796454749532,70.2,44.82,54.404999999999994,67.04099999999998,68.4,23.018053115560605,50.6,-50.300000000000004,2,1,1.0512432842009554,1.0274321000369857,0.07256233602032927,1.2074423381677488,1.1879438674082168,1.2035426440158423,0.05590704150254276,0.03789300793303252,0.06209046991913646,0.19881654036164487,0.17931806960211275,0.19491684620973843,2,5.368861564984555,2.771116727264848,9.883251788698052,39.5276662604814,16.944795648942314,35.01109213817356,1,8.571428571428571,4.285714285714286,8.571428571428571,4.285714285714286,21.881838074398246,10.940919037199123,21.881838074398246,10.940919037199123,True,False,True
T00335,D23,V23,2026-08-06,2026-08-06 13:07:00,2026-08-06 13:47:00,40,7.55,21.2,69.8,13.020855,77.545885,12.983569,77.511003,21.2225,17.95,17.18783838827729,69.8,47.68,54.58,64.457,69.8,25.45505730317047,55.699999999999996,-69.8,7,7,1.0380931901611106,1.0143058970787222,0.11838476401072488,1.67208283287641,1.1453512251320335,1.4819733907080785,0.061650436570752296,0.038138012091582685,0.10491573871307606,0.663457035070306,0.13672542732592954,0.4733475929019746,2,5.204405981060225,3.0630195679312453,9.176581587112258,52.74468598825857,11.909539801670238,44.88459359948118,4,3.0,6.0,10.5,10.5,26.490066225165563,52.980132450331126,92.71523178807948,92.71523178807948,False,False,False
T00336,D23,V23,2026-07-31,2026-07-31 11:46:00,2026-07-31 12:22:00,36,11.27,22.6,54.5,13.028078,77.5587,13.076614,77.603281,22.591666666666665,20.85,14.94566109994087,54.5,43.05,48.3,52.32999999999999,54.5,22.484465889791696,44.5,-54.5,6,3,1.0406376090349287,1.012629452939283,0.12920440061439775,1.6472440620624498,1.2248238161938456,1.5288523568750436,0.06781988607661747,0.030771300198572826,0.11409145301902895,0.6386182642563458,0.21619801838774155,0.5202265590689397,4,3.2529136037145605,3.393627483265659,1.4077561794133349,7.110843831782555,5.577131833797088,6.650786891734559,0,6.666666666666667,0.0,10.0,5.0,35.4924578527063,0.0,53.23868677905945,26.619343389529725,False,False,False
T00337,D23,V23,2026-08-01,2026-08-01 10:13:00,2026-08-01 10:49:00,36,15.19,26.6,59.8,13.037521,77.557422,13.134838,77.581824,26.552777777777777,25.549999999999997,14.719423243963082,59.8,41.1,58.025,59.309999999999995,57.699999999999996,23.440204912696615,56.4,-52.8,4,4,1.0315726681398512,1.0232134761921943,0.09330669743008481,1.3008954608268877,1.208684183848075,1.27838319613947,0.06845929520380163,0.060659307274607166,0.06653693019349277,0.2922696630207837,0.20005838604197118,0.26975739833336615,4,6.678856020532332,3.460146026269287,10.682030386524255,43.64873079483526,39.996697366930846,42.37353426818519,4,6.666666666666667,6.666666666666667,6.666666666666667,6.666666666666667,26.333113890717577,26.333113890717577,26.333113890717577,26.333113890717577,False,True,True
T00338,D23,V23,2026-08-05,2026-08-05 21:08:00,2026-08-05 21:52:00,44,27.07,24.7,62.8,13.026246,77.561866,13.177602,77.489377,24.713636363636365,23.4,14.881588295282022,62.8,41.10000000000001,58.570000000000014,62.671,59.5,22.345015548733684,51.3,-51.5,5,4,1.0332029220141352,1.018986683392403,0.08971178209727033,1.2848139943198003,1.2109099054262729,1.2596637257761079,0.06235410336029776,0.0347006512642099,0.06846774862504171,0.2761881965136963,0.202284107620169,0.25103792797000396,7,4.052532578612321,3.0324272553223333,5.505361671511953,38.75059870505228,6.304026672656173,24.924062067811533,1,9.545454545454547,1.3636363636363638,6.818181818181818,5.454545454545455,25.858884373845587,3.694126339120798,18.47063169560399,14.776505356483192,True,False,True
T00339,D23,V23,2026-08-06,2026-08-06 08:44:00,2026-08-06 09:28:00,44,19.97,20.4,58.4,13.026728,77.568501,13.154852,77.552079,20.365909090909092,17.25,14.901037004366403,58.4,40.60000000000001,46.330000000000005,55.949000000000005,58.4,20.510680969354443,58.4,-39.9,5,5,1.042100879495609,1.0262023657685306,0.09468728285685829,1.4025377000280597,1.1764006486772183,1.3576454535438764,0.06637136520222543,0.04427567334342597,0.0748646712269846,0.3939119022219557,0.16777485087111424,0.34901965573777244,4,4.702600949931309,3.376087299451318,8.325293136051528,57.61953314632114,6.352939630542985,37.252936413924814,2,5.454545454545455,2.7272727272727275,6.818181818181818,6.818181818181818,20.030045067601403,10.015022533800702,25.037556334501755,25.037556334501755,False,False,False
T00340,D23,V23,2026-08-01,2026-08-01 14:27:00,2026-08-01 15:07:00,40,12.15,20.3,59.8,13.040105,77.546348,13.122086,77.546493,20.305,16.450000000000003,14.309830761062704,59.8,39.96,43.065,53.75499999999999,59.8,21.375309864300725,35.0,-47.5,5,6,1.0314404517513553,1.0230110450369132,0.1206865806954487,1.6333101358896907,1.1766684385880066,1.4865259126506776,0.0687601880288038,0.04485801589476773,0.10124185041134436,0.6246843380835867,0.16804264078190276,0.4779001148445736,4,7.313164960595083,3.4527564103579635,12.472372474295476,54.27203884137761,41.60445808232551,49.41073876462961,5,6.0,7.5,7.5,9.0,32.92181069958848,41.1522633744856,41.1522633744856,49.382716049382715,False,True,True
T00341,D23,V23,2026-07-31,2026-07-31 06:20:00,2026-07-31 06:47:00,27,12.13,21.0,44.7,13.022323,77.549111,13.098471,77.530554,21.01111111111111,21.7,12.855807826495964,44.7,35.580000000000005,39.88999999999999,43.815999999999995,44.7,13.116704948955308,23.4,-27.2,0,1,1.0434641133554794,1.0268261780846843,0.1194019378402382,1.5905080949180987,1.1454941122838456,1.4768705217000377,0.05750554292668966,0.027048495705041753,0.10992332158963714,0.5818822971119948,0.13686831447774167,0.4682447238939338,2,7.189357258593757,3.8128991594323605,10.080454315967957,38.13128636697167,31.894965979771932,36.96589538476705,4,4.444444444444445,8.88888888888889,0.0,2.2222222222222223,16.488046166529266,32.97609233305853,0.0,8.244023083264633,False,True,True
T00342,D23,V23,2026-08-04,2026-08-04 17:03:00,2026-08-04 17:26:00,23,12.35,29.3,50.2,13.043786,77.559339,13.025017,77.651056,29.282608695652176,34.4,15.415595768097173,50.2,43.84,48.85999999999999,50.024,50.2,19.185712940301904,39.4,-34.4,2,2,1.0414482959989717,0.9953401428657441,0.16190068160607732,1.6693983946320305,1.252016921196389,1.5807848703376655,0.09569596064739168,0.06988781519327725,0.1332821791397566,0.6607725968259266,0.24339112339028496,0.5721590725315614,2,5.408240569237911,2.691133590143752,9.963242400171675,50.09083948188531,10.32200499126756,41.41426377426083,2,5.217391304347826,5.217391304347826,5.217391304347826,5.217391304347826,16.194331983805668,16.194331983805668,16.194331983805668,16.194331983805668,False,False,False
T00343,D23,V23,2026-08-04,2026-08-04 15:20:00,2026-08-04 15:45:00,25,11.03,20.8,56.8,13.023648,77.549376,12.957388,77.52273,20.816,21.6,15.26064328045621,56.8,41.720000000000006,47.51999999999998,54.85599999999998,56.8,23.432454701403636,51.3,-40.1,3,5,1.0243046318802833,1.0163847696615684,0.07696766845969828,1.2014274842869213,1.1889869065069059,1.2001779600747844,0.05774943240270249,0.038125926605700355,0.052020528837266246,0.1928016864808173,0.180361108700802,0.19155216226868038,3,6.678979142490716,3.5654592972014143,11.412621741509028,52.47826026079752,28.47726643411089,48.07223594581308,2,7.199999999999999,4.8,7.199999999999999,12.0,27.198549410698096,18.13236627379873,27.198549410698096,45.33091568449683,True,False,True
T00344,D23,V23,2026-07-31,2026-07-31 14:57:00,2026-07-31 15:07:00,10,6.11,18.0,39.6,13.025918,77.544867,13.051634,77.506415,18.03,17.700000000000003,12.696548087308352,39.6,34.47,37.035,39.087,36.9,16.723622680375072,36.9,-21.1,1,0,1.0081837612395392,0.9962945205188634,0.040439303940811334,1.0691370351830491,1.068320427101639,1.0689737135667672,0.03421303853110379,0.03646156310802512,0.01830200243115412,0.06051123737694519,0.059694629295535116,0.06034791576066318,0,5.358951089515382,2.4773531422797648,8.626027360403185,29.61293298543729,18.951911164355405,27.480728621220923,1,0.0,6.0,6.0,0.0,0.0,16.366612111292962,16.366612111292962,0.0,False,False,False
T00345,D23,V23,2026-08-04,2026-08-04 07:46:00,2026-08-04 08:21:00,35,12.4,24.0,60.7,13.021217,77.559727,12.993677,77.642888,23.985714285714284,25.2,13.464815650583624,60.7,40.080000000000005,44.489999999999995,55.735999999999954,60.7,15.456013487998014,39.800000000000004,-35.1,3,1,1.0262422977063477,1.0123191196455787,0.09296680684426864,1.4106558758251424,1.1546030400890883,1.3736197730155135,0.05082201922291665,0.02792094924054289,0.07939427746886227,0.40203007801903845,0.1520998477972743,0.3649939752094095,2,8.388631760150108,3.6119523806384826,14.182224584628953,54.7431310759624,45.431126088910155,53.521936122562984,4,3.4285714285714284,6.857142857142857,5.142857142857142,1.7142857142857142,16.129032258064516,32.25806451612903,24.193548387096776,8.064516129032258,False,True,True
T00346,D24,V24,2026-08-04,2026-08-04 17:44:00,2026-08-04 18:06:00,22,15.36,19.5,62.5,12.930932,77.67206,12.881507,77.608241,19.5,16.9,14.454427563569448,62.5,35.24,36.160000000000004,56.976999999999975,60.8,19.35750522815398,43.4,-39.7,2,2,1.0191867168337119,1.0166937965442284,0.0884303861409588,1.2754548208384333,1.180694204475534,1.2565206173657546,0.06205909517181379,0.04269597062152353,0.062466385181844,0.26682902303232936,0.17367209212721715,0.24789481955965062,2,4.777801978870823,2.962768469174054,8.82717983739335,43.8490205135759,7.167781163500678,36.173015493033304,1,5.454545454545455,2.7272727272727275,5.454545454545455,5.454545454545455,13.020833333333334,6.510416666666667,13.020833333333334,13.020833333333334,False,False,False
T00347,D24,V24,2026-08-04,2026-08-04 11:51:00,2026-08-04 12:29:00,38,15.03,26.5,67.0,12.911989,77.666608,12.818822,77.664938,26.5,25.4,16.33378193904989,67.0,47.600000000000016,52.98999999999999,63.26300000000003,67.0,24.293010427256164,54.1,-44.5,6,5,1.0141955633410022,1.0088242384872705,0.07290694798355182,1.2813539713911999,1.1273845297821812,1.2508169586952138,0.048684683047960864,0.03749237660155125,0.0539724560669584,0.27272817358509593,0.13433581386747742,0.24219116088910994,2,5.7858590841280195,3.132107158487999,10.435269997448888,52.93112222501995,26.528033815041326,47.967350708564936,3,3.1578947368421053,4.736842105263158,9.473684210526317,7.894736842105264,13.306719893546243,19.960079840319363,39.920159680638726,33.266799733865604,False,False,False
T00348,D24,V24,2026-08-01,2026-08-01 21:11:00,2026-08-01 21:33:00,22,14.27,22.8,47.1,12.920383,77.665836,12.833872,77.642577,22.822727272727274,24.45,14.662323983214414,47.1,41.2,45.105,46.722,47.1,21.5658821458171,30.200000000000003,-45.2,2,3,1.0164869352701913,1.0041883988797105,0.07648897503820673,1.2065865074664144,1.146468988117223,1.1940612568987516,0.05544012155487117,0.04366897412025639,0.051916608152347415,0.19796070966031043,0.137843190311119,0.18543545909264764,2,5.168498974646439,3.3693570646207114,9.18818548768894,45.94172504379869,5.8116829213402035,37.51727722496367,1,5.454545454545455,2.7272727272727275,5.454545454545455,8.181818181818182,14.015416958654521,7.007708479327261,14.015416958654521,21.023125437981783,False,False,False
T00349,D24,V24,2026-08-04,2026-08-04 14:31:00,2026-08-04 15:00:00,29,16.9,28.9,56.2,12.921056,77.663815,12.979593,77.567707,28.93793103448276,28.4,16.397744047649258,56.2,50.16,54.12,55.864,56.2,21.05167814473135,49.5,-39.1,4,3,1.0342565720881967,1.015759814129305,0.12423335612565414,1.568460710378172,1.1740350575231324,1.4615874255583967,0.0726328084108985,0.04298344521147235,0.10320072153774866,0.5598349125720681,0.16540925971702844,0.4529616277522928,3,4.696566877812874,2.7182531155137117,8.501736014537393,48.18030095381307,6.552032744184858,36.53020069015334,1,6.206896551724138,2.0689655172413794,8.275862068965518,6.206896551724138,17.75147928994083,5.91715976331361,23.66863905325444,17.75147928994083,False,False,False
T00350,D24,V24,2026-08-06,2026-08-06 21:53:00,2026-08-06 22:35:00,42,21.2,27.6,68.5,12.929389,77.666351,12.982027,77.810935,27.65,29.8,16.5808624624897,68.5,49.44,52.095,61.980999999999945,68.5,20.52079155829184,36.8,-63.6,5,4,1.0398872622316986,1.0078998620155484,0.1147916710698153,1.5916978356459495,1.232197774514208,1.453292398364686,0.06530447117185585,0.031854156273144085,0.09904318547530226,0.5830720378398455,0.22357197670810405,0.444666600558582,4,5.745693646097789,3.2583329737163167,9.782068575264221,45.43552134618904,27.34168610947806,44.98761464370934,4,5.714285714285714,5.714285714285714,7.142857142857143,5.714285714285714,18.867924528301888,18.867924528301888,23.58490566037736,18.867924528301888,False,False,False
T00351,D24,V24,2026-07-31,2026-07-31 18:24:00,2026-07-31 19:09:00,45,32.19,24.7,54.2,12.923053,77.666246,12.736149,77.747301,24.733333333333334,26.0,15.846149517957178,54.2,46.660000000000004,48.0,51.95600000000002,52.7,22.566975066152832,44.599999999999994,-42.4,9,5,1.0511915855570355,1.0295795258259557,0.11544265306299879,1.6684010309275166,1.216695578940725,1.4868960560810718,0.061784477276534175,0.028212109611166603,0.10618828473811136,0.6597752331214126,0.2080697811346211,0.47827025827496783,5,4.334388796304191,3.33325666578498,5.845829164516418,40.91100585417083,6.0213808210432385,28.065622831081733,2,6.666666666666667,2.6666666666666665,12.0,6.666666666666667,15.53277415346381,6.213109661385524,27.95899347623486,15.53277415346381,False,False,False
T00352,D24,V24,2026-08-02,2026-08-02 08:54:00,2026-08-02 09:17:00,23,9.59,29.1,56.1,12.924285,77.680101,12.923545,77.736495,29.104347826086954,28.9,14.400109793169495,56.1,47.940000000000005,51.97999999999999,55.264,54.0,21.05944438081068,34.199999999999996,-34.2,4,4,1.058903774393866,1.0279912450989066,0.09496657814289612,1.2736377035876412,1.2546179214332394,1.2697473369587504,0.07255002573625133,0.04331134126875369,0.07847721186509567,0.2650119057815372,0.2459921236271354,0.2611215391526464,4,4.726974204770226,2.4034558452361883,8.937843297795993,45.074717969167594,6.268672350126523,36.56016344905068,1,10.434782608695652,2.608695652173913,10.434782608695652,10.434782608695652,41.71011470281543,10.427528675703858,41.71011470281543,41.71011470281543,True,False,True
T00353,D24,V24,2026-08-01,2026-08-01 17:51:00,2026-08-01 18:03:00,12,7.4,28.4,41.2,12.931049,77.677798,12.948665,77.714309,28.366666666666664,28.9,7.397706442273891,41.2,37.59,39.55,40.870000000000005,26.000000000000004,6.68945348132326,13.3,-9.100000000000001,0,0,1.0175755067210241,1.0268682515536423,0.03769139937754216,1.0586963681811703,1.0544160040838093,1.057840295361698,0.032044157990926074,0.03097227585196405,0.01969376504282897,0.06446267630643432,0.06061680602213614,0.0636935022495747,0,6.2265794829491545,3.6726517728008976,8.55648874092957,33.08988062837338,18.36548887243507,30.145002277185736,1,0.0,5.0,0.0,0.0,0.0,13.513513513513512,0.0,0.0,False,False,False
T00354,D24,V23,2026-08-01,2026-08-01 08:18:00,2026-08-01 09:02:00,44,13.82,25.0,45.2,12.926603,77.662051,12.849059,77.724287,25.018181818181816,26.6,10.047289874719375,45.2,36.53,38.375,43.867000000000004,44.400000000000006,15.061335311089303,29.4,-32.9,1,2,1.0667853736593078,1.0211730942438577,0.1507131518503852,1.776017173340393,1.2090155074530886,1.6694421081224189,0.08173378984067138,0.03425646565732443,0.13906790862189938,0.7673913755342892,0.20038970964698477,0.6608163103163149,8,7.562576505248867,3.5582287011081224,12.716017193580173,55.51087641174475,42.57069140745652,52.82875654742022,5,10.90909090909091,6.818181818181818,1.3636363636363638,2.7272727272727275,57.887120115774245,36.179450072358904,7.235890014471781,14.471780028943561,True,True,True
T00355,D24,V24,2026-07-31,2026-07-31 07:23:00,2026-07-31 08:05:00,42,7.91,22.1,49.4,12.931847,77.676751,12.920511,77.620547,22.145238095238096,23.85,14.543881495884042,49.4,41.79,43.724999999999994,47.14499999999998,49.4,21.74970983826636,36.5,-39.0,5,10,1.0170219546636934,1.006086699400516,0.07519088501220869,1.257755938169246,1.163206555941648,1.2531916137295218,0.04636327411420175,0.025187943278195346,0.05936246901051725,0.24913014036314207,0.15458075813554406,0.2445658159234179,4,4.5989784547127,3.693168743473151,7.311832177167782,50.14870885675921,5.737752568140223,32.21484341942272,1,5.714285714285714,1.4285714285714286,7.142857142857143,14.285714285714286,50.56890012642225,12.642225031605562,63.21112515802781,126.42225031605562,False,False,False
T00356,D24,V24,2026-08-04,2026-08-04 17:47:00,2026-08-04 18:27:00,40,20.1,28.7,57.7,12.923409,77.662123,12.921912,77.522935,28.652499999999996,30.049999999999997,16.3482452206612,57.7,49.04,53.79,56.842,57.7,21.921935507848215,46.5,-43.3,6,4,1.0548385678212227,1.0153652321695348,0.14852970293244966,1.731554503906822,1.2523170647187567,1.6101122366440628,0.08376162538539267,0.0405071558676372,0.13059687851980623,0.7229287061007181,0.2436912669126527,0.6014864388379589,7,5.508924057695438,3.511518902280976,9.375924336055094,52.17913184406195,9.540738078209422,46.37762072413852,3,10.5,4.5,9.0,6.0,34.82587064676617,14.925373134328357,29.850746268656714,19.90049751243781,True,False,True
T00357,D24,V24,2026-08-02,2026-08-02 11:27:00,2026-08-02 11:57:00,30,10.5,35.7,69.3,12.918998,77.666755,12.970223,77.619208,35.67666666666666,39.55,16.83868049817266,69.3,53.720000000000006,57.54999999999998,66.545,67.39999999999999,25.986597783623314,63.5,-48.9,6,4,1.015890755980871,1.009822260711615,0.05737239435250192,1.1658215987019627,1.1239239355813422,1.1638433350783934,0.04252582456639769,0.031217751458703535,0.03841074438644482,0.15719580089585872,0.1194983469988122,0.15521753727228957,2,4.857271384133712,3.444769887133623,7.706817942186604,45.200532076514314,5.602612215267967,33.842618472057936,1,4.0,2.0,12.0,8.0,19.047619047619047,9.523809523809524,57.142857142857146,38.095238095238095,False,False,False
T00358,D24,V24,2026-08-05,2026-08-05 17:59:00,2026-08-05 18:25:00,26,12.02,25.5,50.8,12.919011,77.654799,12.869758,77.611518,25.465384615384615,28.200000000000003,14.404136692150413,50.8,42.4,46.074999999999996,49.675,50.0,19.19385358349426,48.0,-35.9,2,2,1.0320145815682493,1.0164299349233343,0.06303982525143474,1.2149283929516175,1.1452072178679096,1.1985128666339557,0.04533281511796418,0.030490392509099018,0.04904762471576399,0.20630259514551352,0.13658142006180568,0.18988706882785183,2,5.383824343402441,3.306957348718262,7.832282736020372,34.46900781861874,22.818517562183622,32.939789353585844,2,4.615384615384615,4.615384615384615,4.615384615384615,4.615384615384615,16.638935108153078,16.638935108153078,16.638935108153078,16.638935108153078,False,False,False
T00359,D24,V24,2026-08-01,2026-08-01 17:55:00,2026-08-01 18:24:00,29,13.09,29.6,57.4,12.920727,77.665507,12.976503,77.650229,29.593103448275862,29.6,14.436410590549032,57.4,46.46,48.46,55.07599999999999,55.0,22.12140371818783,46.5,-35.1,4,4,1.0206015351252031,1.0119011809460448,0.09244026806968854,1.38445151594413,1.1466568357576852,1.3258349965036176,0.05310168391638692,0.0233475545630355,0.0759818922366447,0.375825718138026,0.15337343862037894,0.3172091986975137,2,4.764015229922811,3.1182366812030162,7.560705059202108,43.12978900945378,7.777082782334385,33.487152292333725,2,4.137931034482759,4.137931034482759,8.275862068965518,8.275862068965518,15.278838808250574,15.278838808250574,30.55767761650115,30.55767761650115,False,False,False
T00360,D24,V24,2026-08-04,2026-08-04 08:58:00,2026-08-04 09:14:00,16,4.84,25.5,46.1,12.913267,77.651828,12.892236,77.667795,25.5125,25.8,13.807576422626335,46.1,41.15,44.825,45.845,46.1,18.19930401599651,30.0,-28.400000000000002,1,2,1.0202873442465314,1.0230667000704607,0.048622877143551894,1.1114863921794096,1.1025916641885105,1.1097074465812298,0.03791885174563827,0.028341263259623717,0.03123374274567708,0.10286059437330564,0.09396586638240656,0.10108164877512582,0,8.105068986556432,3.599042600014565,13.181526739015167,44.63828177696808,40.08627804293012,43.72788103016048,2,0.0,7.5,3.75,7.5,0.0,41.32231404958678,20.66115702479339,41.32231404958678,False,True,True
T00361,D25,V25,2026-08-01,2026-08-01 18:23:00,2026-08-01 18:48:00,25,11.0,24.9,37.2,12.989673,77.545702,12.963365,77.492503,24.872,28.6,9.430337569072842,37.2,32.68,34.04,36.48,34.5,12.341967698331846,21.1,-30.7,0,2,1.0042572506976697,1.005049750012406,0.04565055701054185,1.0883740165953981,1.0816713158325235,1.0869648900251156,0.03557588811247152,0.03112946185839993,0.0280263047942862,0.0944474782206961,0.07972502630866399,0.0909196559571596,0,5.579581036579083,2.854522727182252,9.26686882214937,40.649386219228454,25.842777788048075,38.30616421753569,2,0.0,4.8,0.0,4.8,0.0,18.181818181818183,0.0,18.181818181818183,False,False,False
T00362,D25,V25,2026-08-04,2026-08-04 21:11:00,2026-08-04 21:22:00,11,5.74,30.3,46.1,12.990056,77.558398,12.989935,77.524507,30.272727272727273,29.4,8.540151158977329,46.1,40.2,43.150000000000006,45.510000000000005,29.3,14.436122622215303,29.3,-23.400000000000002,1,0,1.0374189819551005,1.0352250962954868,0.05480731216879233,1.1075003386003999,1.1015989166748745,1.106320054215295,0.05182599076719239,0.060150705882230704,0.031004306395209822,0.09887454079429592,0.09297311886877058,0.09769425640919085,0,3.685287555286577,3.2830473648730685,1.5478828115638703,6.341860925627429,5.9594336455266195,6.265375469607267,0,0.0,0.0,5.454545454545455,0.0,0.0,0.0,17.421602787456447,0.0,False,False,False
T00363,D25,V25,2026-07-31,2026-07-31 21:30:00,2026-07-31 21:53:00,23,13.81,17.3,39.1,12.977082,77.560364,12.896608,77.534908,17.347826086956523,20.3,9.514719198322403,39.1,25.98,26.18,36.262000000000015,38.2,13.427564416751384,23.5,-31.3,0,1,1.0129383059361547,1.0110019782374313,0.05531469163935102,1.124794203399004,1.11362085516184,1.1228714048848598,0.04257908082300328,0.0338904491088281,0.03440598739263042,0.11616840559289998,0.10499505735573603,0.11424560707875582,0,3.1263254710124717,2.617556112101515,1.2701941178394909,6.4637527799259145,5.26359832069166,6.21171562982378,0,0.0,0.0,0.0,2.608695652173913,0.0,0.0,0.0,7.24112961622013,False,False,False
T00364,D25,V25,2026-08-04,2026-08-04 15:41:00,2026-08-04 16:07:00,26,18.51,19.6,39.9,12.978441,77.54969,12.870649,77.486702,19.596153846153847,20.6,9.911265540554577,39.9,29.85,30.525,37.6,39.9,12.364839107479163,24.6,-26.3,0,1,1.0609639825211548,1.0171138179430832,0.11396650781946847,1.4900677836930776,1.2191943772675333,1.4253661232901995,0.07275344496502105,0.03238729731443807,0.10164858878780819,0.4814419858869736,0.21056857946142943,0.4167403254840955,4,5.436793651001685,3.162929818567231,8.390100225163279,33.8060068626864,26.75831096513265,33.67322612743,2,9.23076923076923,4.615384615384615,0.0,2.3076923076923075,21.609940572663422,10.804970286331711,0.0,5.402485143165856,True,False,True
T00365,D25,V25,2026-08-01,2026-08-01 09:06:00,2026-08-01 09:48:00,42,24.82,29.8,51.1,12.988729,77.559283,12.849207,77.496195,29.81904761904762,32.5,12.752890405903841,51.1,43.129999999999995,43.595,49.70599999999999,51.1,17.716603104198168,40.2,-34.300000000000004,4,4,1.0393352472624646,1.0161313855764078,0.10738854000613166,1.5238877911447417,1.1689219109780362,1.4811231309158681,0.052766942042540545,0.025630939476430803,0.0982146087530437,0.5152619933386378,0.16029611317193224,0.4724973331097642,3,4.913694186320077,3.581134857080202,6.855592690429025,46.896194941594146,7.308426129041409,31.025796358747243,2,4.285714285714286,2.857142857142857,5.714285714285714,5.714285714285714,12.087026591458502,8.058017727639001,16.116035455278002,16.116035455278002,False,False,False
T00366,D25,V25,2026-08-06,2026-08-06 21:06:00,2026-08-06 21:38:00,32,9.26,30.7,49.0,13.001606,77.553167,13.047547,77.528928,30.7,33.2,12.773056319531968,49.0,44.85000000000001,46.945,48.38,46.0,17.359244713296974,41.1,-43.8,3,3,1.031817874100521,1.0051835696574294,0.10995526802703344,1.5015142356967515,1.2224212823555416,1.4258334282877225,0.06230069052342961,0.03844979123310466,0.09294515788366417,0.4928884378906475,0.21379548454943764,0.4172076304816186,3,5.828458766327685,3.6659944539252587,8.941082580579442,40.42150046695447,21.602478861600815,39.890672648179304,3,5.625,5.625,5.625,5.625,32.39740820734341,32.39740820734341,32.39740820734341,32.39740820734341,False,False,False
T00367,D25,V25,2026-08-04,2026-08-04 18:24:00,2026-08-04 19:00:00,36,17.45,26.6,45.1,12.987625,77.566549,12.860029,77.555831,26.59722222222222,27.25,9.292654122204306,45.1,37.75,40.925,44.085,45.1,12.178868962524772,28.2,-23.3,3,0,1.025525479571059,1.0249235217563633,0.05497731142929549,1.18330934247981,1.1080940831192607,1.1658832902347966,0.04295565294084114,0.03651329326114555,0.03766107027170489,0.17468354467370606,0.09946828531315677,0.1572574924286926,1,4.797059530735774,3.1334991567544073,6.821560807801717,37.805016862845065,11.252323818341313,33.14002557766933,2,1.6666666666666667,3.3333333333333335,5.0,0.0,5.730659025787966,11.461318051575931,17.191977077363898,0.0,False,False,False
T00368,D25,V25,2026-07-31,2026-07-31 12:03:00,2026-07-31 12:46:00,43,23.73,23.0,42.7,13.003583,77.553526,13.112472,77.400268,22.976744186046513,22.4,9.725955387256612,42.7,32.68,37.64999999999999,42.532,42.300000000000004,11.58981156035031,19.5,-34.800000000000004,0,1,1.0217458873943146,1.0135605556650278,0.054683654842364024,1.1374603289785539,1.0969042641924336,1.1244159474226287,0.04692007418992866,0.038534648352936296,0.030209724943816133,0.12883453117244992,0.09173169492480626,0.11579014961652469,0,6.787799202481495,3.402660723610275,11.787813547243285,51.4708315456434,38.57814407942734,49.67322050083491,4,0.0,5.5813953488372094,0.0,1.3953488372093024,0.0,16.85630004214075,0.0,4.214075010535187,False,False,False
T00369,D25,V25,2026-08-06,2026-08-06 16:51:00,2026-08-06 17:23:00,32,18.87,16.1,33.1,12.976413,77.564616,12.905075,77.670562,16.15,16.55,8.50449596465912,33.1,27.92000000000001,31.15,32.666000000000004,32.7,11.21731407604535,21.799999999999997,-23.2,0,0,1.0292116743045023,1.011800580573543,0.07927952654604864,1.240779593642642,1.188968342066996,1.2379266754719476,0.059146514260824054,0.0454552844589754,0.055781117279775125,0.23215379583653806,0.18034254426089216,0.22930087766584353,3,2.8067415215513742,2.8010166221244934,1.3986775435802163,6.452859831113644,4.8922322229535915,6.044138389575854,0,5.625,0.0,0.0,0.0,15.89825119236884,0.0,0.0,0.0,False,False,False
T00370,D25,V25,2026-08-03,2026-08-03 06:38:00,2026-08-03 06:51:00,13,7.51,20.2,33.4,12.995819,77.550638,13.028852,77.516026,20.199999999999996,18.9,8.040004145935912,33.4,31.820000000000004,33.099999999999994,33.339999999999996,24.4,13.487125865156152,14.2,-22.299999999999997,0,0,1.0856065205549519,1.02682861276846,0.18814672308055705,1.6823430090204554,1.3948908032252205,1.624852567861408,0.08896858826349846,0.027942096738194477,0.1823294542343561,0.6737172112143515,0.38626500541911657,0.6162267700553041,2,6.2505723808045035,3.9504556699196107,8.685668194695843,34.5972325482834,18.165762557443628,31.310938550115427,1,9.23076923076923,4.615384615384615,0.0,0.0,26.63115845539281,13.315579227696405,0.0,0.0,True,False,True
T00371,D25,V25,2026-07-31,2026-07-31 13:45:00,2026-07-31 14:03:00,18,9.05,27.4,44.1,12.993929,77.560931,13.007158,77.620114,27.427777777777777,26.75,9.075293257653898,44.1,38.010000000000005,41.125,43.504999999999995,40.800000000000004,11.237385084147103,19.599999999999998,-21.3,0,0,1.0664765118260775,0.9877076621211667,0.2379602407495693,1.7782930017294676,1.6146810148139934,1.7455706043463723,0.13182726150099,0.07095416525449494,0.20437210919688906,0.7696672039233636,0.6060552170078893,0.7369448065402685,3,10.036501801340153,3.8303366161805514,15.563146832578038,52.211602158907176,49.871467710559216,51.74357526923758,4,10.0,13.333333333333334,0.0,0.0,33.14917127071823,44.1988950276243,0.0,0.0,True,True,True
T00372,D25,V25,2026-08-03,2026-08-03 19:48:00,2026-08-03 20:33:00,45,13.56,27.2,46.1,12.993917,77.55458,13.083577,77.561307,27.23111111111111,29.3,9.695543076875868,46.1,37.3,40.12,44.25200000000001,45.6,14.011412375905465,35.400000000000006,-20.0,3,0,1.0206846038533097,1.0158001772002208,0.05969358796777939,1.1851404980001317,1.1188601144794226,1.1776986862727823,0.044938004018769906,0.03417811472970933,0.04057984622678542,0.1765147001940277,0.11225648453300859,0.16907288846667823,2,4.606022760064135,3.5635095060908704,5.796214370015576,31.158557412049742,6.141407141245175,30.517072147748227,2,2.6666666666666665,2.6666666666666665,4.0,0.0,14.749262536873157,14.749262536873157,22.123893805309734,0.0,False,False,False
T00373,D25,V25,2026-08-03,2026-08-03 18:45:00,2026-08-03 19:06:00,21,10.0,16.0,38.2,13.00084,77.541027,12.990516,77.471848,16.01904761904762,18.1,9.854827195218547,38.2,24.4,29.2,36.400000000000006,37.7,14.447161527112383,20.4,-34.900000000000006,0,1,1.0157541102063714,0.9989319296128241,0.1199463087335577,1.4788941814747936,1.103363494048992,1.4037880439896335,0.06981281539796444,0.04461283108833203,0.09655542348768277,0.4702683836686896,0.09473769624288808,0.3951622461835296,1,5.648196009875689,2.7423530042647686,12.11439416255413,58.206042641636444,5.888072689768699,47.74244865126293,1,2.857142857142857,2.857142857142857,0.0,2.857142857142857,10.0,10.0,0.0,10.0,False,False,False
T00374,D25,V25,2026-08-04,2026-08-04 08:08:00,2026-08-04 08:49:00,41,12.55,24.4,43.0,12.98886,77.5471,12.991406,77.457206,24.446341463414633,27.7,10.772583199051553,43.0,34.9,39.2,43.0,43.0,14.331344634206177,29.599999999999998,-39.3,2,3,1.015018820480361,1.0128301930728567,0.08187208878746785,1.3511805948873008,1.0987451933910792,1.288843902567716,0.055415792502870084,0.04525774768195756,0.05997706744765241,0.34255479708119685,0.11044652839492453,0.28021810476161224,2,4.77721982965663,3.396144873234945,7.18930142410331,43.395532028078655,5.822447938796877,36.22044722350608,2,2.926829268292683,2.926829268292683,2.926829268292683,4.390243902439025,15.936254980079681,15.936254980079681,15.936254980079681,23.904382470119522,False,False,False
T00375,D25,V25,2026-08-01,2026-08-01 12:21:00,2026-08-01 12:52:00,31,10.74,14.4,31.8,12.983568,77.558855,12.969758,77.634892,14.35483870967742,15.9,7.881871127664946,31.8,25.9,26.35,30.209999999999997,31.5,10.609252403404295,17.6,-26.2,0,1,1.0402629749103458,1.0167659514362193,0.13615680102379457,1.5402246589377797,1.3110200520124622,1.5185737119028766,0.06914422547833682,0.025040011003549578,0.12096553679359862,0.5315988611316758,0.30239425420635824,0.5099479140967726,3,4.429075176893931,3.0127230207903284,5.1524721749210896,28.2474388219534,11.597188995589466,24.44762981351211,3,5.806451612903225,5.806451612903225,0.0,1.9354838709677418,27.932960893854748,27.932960893854748,0.0,9.31098696461825,False,False,False
T00376,D26,V26,2026-08-02,2026-08-02 10:28:00,2026-08-02 10:47:00,19,11.35,31.1,42.3,12.777659,77.7621,12.72845,77.714377,31.126315789473683,32.4,10.843832968572151,42.3,39.68,40.949999999999996,42.03,41.599999999999994,17.238210650550382,36.5,-38.199999999999996,2,2,1.0038991070196814,1.0028459502834919,0.05289931504315795,1.1037853052111177,1.05885940539419,1.0948001252477322,0.04217186533216843,0.039957055381949935,0.030735166070043823,0.1180164558384823,0.09744520224836058,0.11390220512045797,0,2.921826480788177,3.0108138434649194,1.3500611160473555,6.496252766018268,5.555781103723503,6.308158433559315,0,0.0,0.0,6.315789473684211,6.315789473684211,0.0,0.0,17.62114537444934,17.62114537444934,False,False,False
T00377,D26,V26,2026-08-04,2026-08-04 16:10:00,2026-08-04 16:48:00,38,15.33,18.4,25.6,12.760433,77.773013,12.679234,77.750579,18.394736842105264,20.4,6.478068921824103,25.6,24.370000000000005,25.09,25.6,24.8,9.27446670028417,22.099999999999998,-22.599999999999998,0,0,1.0212755123874848,1.0193837335657028,0.048975850726395334,1.11354658636269,1.0920125097253575,1.1064722619333658,0.03939071636728408,0.03246737073084571,0.03113534211037871,0.12191896914174771,0.09260386041187685,0.11562964232523798,0,5.4890164826887435,2.245255558993664,9.870341085052663,41.37990454314751,33.62289378634619,41.22649587609266,3,0.0,4.736842105263158,0.0,0.0,0.0,19.569471624266146,0.0,0.0,False,False,False
T00378,D26,V21,2026-08-01,2026-08-01 08:41:00,2026-08-01 09:10:00,29,20.4,31.1,41.0,12.778979,77.77035,12.881481,77.747137,31.058620689655175,32.7,9.868981610559251,41.0,39.54,40.46,40.916000000000004,38.5,15.331913977285957,38.5,-33.8,3,3,0.9944122315892389,0.9905054265373815,0.0281006458400515,1.0549265377266797,1.0450078911013867,1.0537611625718522,0.026622104582325154,0.025509324543652734,0.016273859033567196,0.06229710226739216,0.050603971719757834,0.05919724815257661,0,4.27725818456089,2.947354746208878,7.8571414518794835,44.86248544162483,4.2784133059996625,33.51831668845441,1,0.0,2.0689655172413794,6.206896551724138,6.206896551724138,0.0,4.901960784313726,14.705882352941178,14.705882352941178,False,False,False
T00379,D26,V26,2026-08-06,2026-08-06 12:15:00,2026-08-06 12:32:00,17,9.24,30.0,39.5,12.776966,77.774091,12.77563,77.715159,30.041176470588233,30.7,7.7825974795958555,39.5,35.84,37.58,39.116,35.8,11.628454578418962,26.1,-31.3,1,1,1.0237563677042252,1.0174379587965057,0.08488937394701965,1.3256232496452378,1.1109214103863099,1.2826828817934521,0.045318181035010306,0.02302627532708179,0.07257652658096071,0.31699745183913386,0.12447441170560279,0.27849284381242767,1,5.263820215122077,2.889307875599276,8.511488723443254,36.677351322035236,17.267901185385035,32.7954612947052,2,3.5294117647058822,7.0588235294117645,3.5294117647058822,3.5294117647058822,10.822510822510823,21.645021645021647,10.822510822510823,10.822510822510823,False,True,True
T00380,D26,V26,2026-07-31,2026-07-31 18:03:00,2026-07-31 18:37:00,34,19.69,33.9,43.3,12.782716,77.772285,12.916604,77.788346,33.932352941176475,35.15,7.220455814883716,43.3,40.18,40.95,42.739000000000004,40.9,10.857221571357673,32.6,-35.2,1,1,1.0037922059438196,0.9988760087431652,0.0447606590450854,1.1249222195334216,1.0927973087095435,1.1144132475864985,0.03381885126638068,0.026875899447291574,0.029141301865442525,0.11629642172731769,0.0866707424525151,0.10788030059821828,0,4.457176113203195,2.95372572405552,7.64482030480351,47.09684702822472,6.256163947792206,33.78208682194932,1,0.0,1.7647058823529411,1.7647058823529411,1.7647058823529411,0.0,5.078720162519045,5.078720162519045,5.078720162519045,False,False,False
T00381,D26,V03,2026-08-02,2026-08-02 11:47:00,2026-08-02 12:13:00,26,13.07,19.4,30.1,12.774933,77.772199,12.729531,77.705606,19.4,20.6,7.161452366664182,30.1,26.95,28.525,29.775000000000002,28.700000000000003,8.527551727286003,20.8,-27.200000000000003,0,1,1.0052655318565549,0.9976218652027777,0.04879199606087156,1.184252084650899,1.0541536284724469,1.1518968800200322,0.032626232037659395,0.02378229532702658,0.03585180699339533,0.1756262868447951,0.08884488216343664,0.1574842201612979,1,3.092408728296149,2.6113206933785618,1.6232278298021228,6.917535688379208,5.180365835816696,6.501491973542221,0,2.3076923076923075,0.0,0.0,2.3076923076923075,7.651109410864574,0.0,0.0,7.651109410864574,False,False,False
T00382,D26,V26,2026-08-06,2026-08-06 15:12:00,2026-08-06 15:38:00,26,10.95,24.9,39.1,12.781946,77.781444,12.843299,77.736152,24.86923076923077,29.7,12.512929928063027,39.1,34.7,37.675,38.975,38.2,20.065805586772584,35.1,-33.300000000000004,6,5,1.0510221806782731,1.0115984454391602,0.16161148087675864,1.7701090361895788,1.2543900034158826,1.6532836154851691,0.06575252306968651,0.02268660188713867,0.15326869250247221,0.7614832383834749,0.24576420560977863,0.6446578176790653,2,4.44644263815801,4.134917097303801,2.9018838329942245,15.481453420141147,8.29001094211202,13.863014242337412,2,4.615384615384615,4.615384615384615,13.846153846153845,11.538461538461538,18.264840182648403,18.264840182648403,54.79452054794521,45.66210045662101,False,False,False
T00383,D26,V26,2026-08-05,2026-08-05 11:47:00,2026-08-05 12:32:00,45,16.44,18.1,28.7,12.770661,77.771486,12.691328,77.841056,18.05777777777778,18.4,5.634491543120368,28.7,23.42,24.219999999999995,27.204000000000008,26.5,8.897977865841773,21.0,-20.0,0,0,1.0378323099121909,0.9993207693228436,0.1599805629248211,1.8646045157083577,1.1093010220593436,1.7407724604383512,0.07183872985912837,0.038716523698468674,0.1455613053038942,0.8559787179022538,0.10067522425323959,0.7321466626322473,2,4.13575941790627,3.3793194581157904,4.860638593646419,33.13005885898786,7.18417891925732,24.154724198820716,3,2.6666666666666665,4.0,0.0,0.0,12.1654501216545,18.24817518248175,0.0,0.0,False,False,False
T00384,D26,V26,2026-08-04,2026-08-04 17:17:00,2026-08-04 17:27:00,10,4.47,21.4,24.0,12.784075,77.772941,12.798383,77.797385,21.43,22.2,2.6021572247314766,24.0,23.55,23.775,23.955,7.5,3.7133542788158516,5.399999999999999,-6.0,0,0,1.0254114120711988,1.0318450861055655,0.046424801730568725,1.095427313882578,1.0808468757340945,1.0925112262528813,0.0384781798837877,0.030228710609214227,0.02869228532081173,0.08680151607647413,0.08504954107169828,0.08645112107551896,0,2.2639558053109416,2.0678814206744716,1.093498011784447,4.282814495165534,3.8536154774956,4.196974691631548,0,0.0,0.0,0.0,0.0,0.0,0.0,0.0,0.0,False,False,False
T00385,D26,V26,2026-08-02,2026-08-02 16:54:00,2026-08-02 17:24:00,30,18.3,20.8,34.1,12.773687,77.767009,12.667697,77.710653,20.77,20.95,7.267838933178189,34.1,27.630000000000003,29.934999999999988,33.375,31.3,10.377784074591771,19.5,-20.6,0,0,1.0337226633244845,1.0268434647857059,0.12442026388345716,1.590096223503471,1.152296493570996,1.4793465299107085,0.07250763406450682,0.05727741228123012,0.10340855192349346,0.5814704256973671,0.16654761620683817,0.4707207321046045,2,3.2971624720932224,3.2460624696432587,1.8826667529625252,9.361164457480704,6.21407189712867,8.71218370598323,1,4.0,2.0,0.0,0.0,10.92896174863388,5.46448087431694,0.0,0.0,False,False,False
T00386,D26,V26,2026-07-31,2026-07-31 16:24:00,2026-07-31 17:06:00,42,21.24,18.9,31.1,12.786672,77.778536,12.886646,77.742276,18.857142857142858,20.6,7.146042495321989,31.1,24.789999999999996,26.775,30.361999999999995,30.5,10.365698816907326,30.5,-24.299999999999997,1,0,1.0099921567909265,1.0046041977410307,0.06138769545297871,1.2394886042235322,1.0850523755087182,1.177754390908519,0.04682884649835909,0.04072785488564934,0.03903760236024235,0.2308628064174283,0.08131207368527464,0.18398863363728318,1,3.1734741776318125,3.056829168510115,1.4273580322722106,6.125357132445422,5.625425750320568,6.033120533371384,0,1.4285714285714286,0.0,1.4285714285714286,0.0,4.708097928436912,0.0,4.708097928436912,0.0,False,False,False
T00387,D26,V26,2026-08-04,2026-08-04 18:35:00,2026-08-04 18:53:00,18,7.1,28.1,38.5,12.77989,77.76751,12.740828,77.735664,28.08888888888889,30.3,8.973220871596638,38.5,35.440000000000005,36.375,38.074999999999996,34.1,13.576676463363546,25.5,-30.1,1,1,1.0158899640250312,0.9988810580598603,0.056945514659899235,1.1535467047328427,1.131034799286229,1.14904432364352,0.04192564206059682,0.027777356239924222,0.03791446530865937,0.14492090692673876,0.12240900148012519,0.14041852583741601,1,4.815742460883161,3.2969220094015674,8.783911904586256,39.791580767795594,9.48952289394084,33.73116919302459,1,3.3333333333333335,3.3333333333333335,3.3333333333333335,3.3333333333333335,14.084507042253522,14.084507042253522,14.084507042253522,14.084507042253522,False,False,False
T00388,D26,V26,2026-08-05,2026-08-05 18:59:00,2026-08-05 19:31:00,32,18.94,23.6,35.4,12.76466,77.772185,12.700961,77.880427,23.60625,24.25,7.7930050313954515,35.4,31.19,32.695,35.09,32.8,11.148410489913479,26.0,-28.5,1,1,1.0048189293348482,1.0045863906782513,0.04788676698205951,1.1069010795911258,1.0717115970247961,1.096633763117064,0.040515150145507266,0.04259645376302412,0.02477244268344283,0.09827528178502187,0.07957529426983069,0.09583117872263464,0,3.50032227606884,3.5483349482590834,1.0975780791830851,5.68317692844416,5.407452965490197,5.632757742897396,0,0.0,0.0,1.875,1.875,0.0,0.0,5.279831045406547,5.279831045406547,False,False,False
T00389,D26,V26,2026-08-03,2026-08-03 19:49:00,2026-08-03 20:03:00,14,6.6,25.6,35.2,12.774417,77.769532,12.75242,77.800973,25.635714285714283,26.049999999999997,7.355438296082195,35.2,32.34,33.38,34.836,30.500000000000004,10.305522364673768,23.3,-19.5,0,0,1.0104205379729587,1.0087797757965498,0.04420294994864912,1.1009945503952323,1.0953959660243446,1.0998748335210549,0.03183059592705666,0.027192701007910547,0.029432046593474256,0.09236875258912836,0.08677016821824063,0.0912490357149508,0,2.5748454908952403,2.61598830784151,1.2304655082913285,5.216023389518111,4.636931451272601,5.100205001869009,0,0.0,0.0,0.0,0.0,0.0,0.0,0.0,0.0,False,False,False
T00390,D26,V26,2026-08-06,2026-08-06 13:16:00,2026-08-06 13:55:00,39,16.56,27.2,36.9,12.77486,77.770635,12.848114,77.688829,27.24871794871795,29.6,8.924061849406792,36.9,33.98,34.800000000000004,36.443999999999996,35.1,12.800832357383458,32.1,-32.1,3,1,0.9979847885064961,0.9996404353566337,0.04972876814230292,1.1068396451157685,1.074155914667499,1.0994887891632985,0.037442534955014053,0.025566640766137905,0.03391643485459749,0.14494819591984454,0.10287611957976979,0.13151511750305986,1,4.033448504592197,2.427447218787671,7.442689866876647,48.42572250364469,6.336435351352126,32.70407693423043,1,1.5384615384615383,1.5384615384615383,4.615384615384615,1.5384615384615383,6.038647342995169,6.038647342995169,18.115942028985508,6.038647342995169,False,False,False
T00391,D27,V27,2026-08-02,2026-08-02 20:43:00,2026-08-02 21:06:00,23,12.3,23.9,47.3,12.980737,77.551269,12.933109,77.489217,23.88695652173913,22.7,12.688695912211356,47.3,38.28,44.23999999999999,46.772,47.3,18.530662550093954,47.3,-20.6,2,0,1.0124100277999435,1.0289829930567365,0.04267345301701524,1.079654111278237,1.053951421590346,1.0740017531324906,0.038081222433815815,0.0382567170922965,0.01788569719118766,0.07102831347213301,0.06780207692372471,0.0703765733113092,0,5.129277512286935,2.712489631316588,10.63155526261497,53.646614059043834,5.701384101104384,43.13598569231846,1,0.0,2.608695652173913,5.217391304347826,0.0,0.0,8.130081300813007,16.260162601626014,0.0,False,False,False
T00392,D27,V27,2026-08-03,2026-08-03 07:28:00,2026-08-03 07:41:00,13,9.89,27.4,43.3,12.982431,77.563874,12.95479,77.612011,27.361538461538462,28.5,10.93294245705294,43.3,41.120000000000005,42.76,43.19199999999999,37.599999999999994,13.601602469694138,28.099999999999998,-17.4,1,0,1.0093521044052873,0.9936790226224965,0.043237022449937525,1.0983068787911692,1.0786933482754992,1.0943841726880352,0.03330128933413139,0.027616623537076057,0.02585770802797998,0.08968108098506522,0.07833171262592886,0.08741120731323794,0,2.995941157766219,2.6040545309190435,1.2100576959258074,5.736366445756408,5.463523700340524,5.681797896673231,0,0.0,0.0,4.615384615384615,0.0,0.0,0.0,10.111223458038422,0.0,False,False,False
T00393,D27,V27,2026-08-05,2026-08-05 14:28:00,2026-08-05 15:13:00,45,18.97,22.1,33.8,12.995142,77.552592,12.967304,77.403967,22.053333333333335,21.6,7.663716164795345,33.8,30.54,32.67999999999999,33.492,32.199999999999996,11.111636452227216,24.5,-25.599999999999998,0,1,1.0060141156312987,1.0026170754580235,0.054695222031630034,1.18130013121137,1.0841307851148432,1.180356177574512,0.03906948001793486,0.022169513929317097,0.03791342094073644,0.17267433340526606,0.08766336287502857,0.171730379768408,2,3.000577694358535,2.707988183135222,1.3396955853791326,6.5342482352601206,5.330795500801955,6.328209727192758,0,2.6666666666666665,0.0,0.0,1.3333333333333333,10.54296257248287,0.0,0.0,5.271481286241435,False,False,False
T00394,D27,V27,2026-08-03,2026-08-03 11:22:00,2026-08-03 11:57:00,35,21.17,27.5,39.1,12.982249,77.565006,12.853452,77.655554,27.52,29.3,9.581409696109747,39.1,37.54,38.1,38.76,36.9,14.362511308696574,31.599999999999998,-30.2,1,2,1.032366349029333,1.0072819863374902,0.0821374831527236,1.3918124873703352,1.1647605915314536,1.3271910913627496,0.045729275859210605,0.021392289460687275,0.07193111436659776,0.3831866895642313,0.15613479372534958,0.3185652935566456,3,5.38668955252929,3.507164096531555,7.620081148756404,40.51805029860149,15.67122046686581,36.34886875021655,3,5.142857142857142,5.142857142857142,1.7142857142857142,3.4285714285714284,14.170996693434104,14.170996693434104,4.7236655644780345,9.447331128956069,False,False,False
T00395,D27,V27,2026-08-03,2026-08-03 08:44:00,2026-08-03 09:02:00,18,9.8,20.5,42.3,12.980722,77.551746,12.943438,77.500629,20.52777777777778,18.6,10.213359506954637,42.3,33.33,34.734999999999985,40.786999999999985,39.4,13.431254400510841,21.9,-21.799999999999997,0,0,1.009467578096337,1.0030500541261214,0.0469065139723703,1.1219385009883562,1.104515132607511,1.1184538273121871,0.033738431413974174,0.022576697846510063,0.031555218658307696,0.11331270318225228,0.0958893348014072,0.10982802950608324,0,3.661045677538441,3.7452115644882973,1.550901101363671,6.214515266696188,6.0939523238469535,6.1904026781263415,0,0.0,0.0,0.0,0.0,0.0,0.0,0.0,0.0,False,False,False
T00396,D27,V27,2026-08-01,2026-08-01 14:57:00,2026-08-01 15:16:00,19,7.9,17.6,32.0,12.99308,77.553828,13.030827,77.586898,17.563157894736843,16.7,10.395576544661024,32.0,30.36,31.459999999999997,31.892,29.9,14.784985271338089,25.4,-27.1,1,1,1.012400839164358,1.0049402967340895,0.04649508715192433,1.1158221184400314,1.101018323980608,1.1128613595481467,0.03621875448524859,0.03682643579766964,0.028145335889364995,0.10719632063392748,0.09239252617450394,0.10423556174204278,0,7.230351537984023,3.776572520156339,11.81197348293076,49.5653840901087,30.487333520013536,45.749773976089685,2,0.0,6.315789473684211,3.1578947368421053,3.1578947368421053,0.0,25.31645569620253,12.658227848101266,12.658227848101266,False,False,False
T00397,D27,V27,2026-08-05,2026-08-05 08:12:00,2026-08-05 08:26:00,14,8.74,18.8,30.2,12.99154,77.551016,12.946519,77.563313,18.75714285714286,20.45,8.567893043729667,30.2,27.700000000000003,29.16,29.991999999999997,30.2,14.033280693870804,28.6,-16.2,1,0,1.0504717576513751,1.0019408224446216,0.19151726358730936,1.708688385867944,1.2841398747119026,1.6237786836367354,0.07239759859622127,0.017702331735683585,0.18143882594753044,0.7000625880618401,0.28324329029585804,0.6166987285086432,1,6.25457470243083,3.4257045363500356,8.9135796749591,34.249430652202086,22.825196534191726,31.964583828600002,2,4.285714285714286,8.571428571428571,4.285714285714286,0.0,11.441647597254004,22.88329519450801,11.441647597254004,0.0,False,True,True
T00398,D27,V27,2026-08-06,2026-08-06 08:49:00,2026-08-06 09:25:00,36,14.8,29.8,51.3,12.981469,77.559878,12.971626,77.663689,29.80277777777778,32.0,11.939741229814013,51.3,42.15,45.575,49.47999999999999,51.3,18.68498251079116,39.699999999999996,-51.3,3,2,1.0077350114526589,1.0053496322027997,0.03882424902422731,1.1460148341099254,1.0613641037788388,1.1173435222092374,0.028876445355507017,0.020606491519386483,0.025504217843226835,0.1373890363038215,0.05801169692594077,0.10977972129470577,1,4.012235458352802,2.8805067204567925,6.461696589601821,41.05737570766062,6.193632238782178,29.20995912034696,1,1.6666666666666667,1.6666666666666667,5.0,3.3333333333333335,6.756756756756756,6.756756756756756,20.270270270270267,13.513513513513512,False,False,False
T00399,D27,V27,2026-07-31,2026-07-31 21:06:00,2026-07-31 21:17:00,11,6.0,24.8,45.7,12.998334,77.549993,13.035519,77.55661,24.8,24.8,9.241753080449618,45.7,37.1,41.400000000000006,44.84,29.900000000000002,14.857547821653725,29.900000000000002,-20.6,1,0,1.008478237607819,1.011834472628799,0.04489775828000683,1.100354033936351,1.0695287763759973,1.09418898242428,0.033216661851337384,0.022053448710509294,0.028322276797294158,0.09172823613024694,0.08208434451965269,0.08979945780812809,0,3.0067221373052493,2.898033816227823,0.7218477595327196,4.674376963831651,4.007936817243442,4.5410889345140095,0,0.0,0.0,5.454545454545455,0.0,0.0,0.0,16.666666666666668,0.0,False,False,False
T00400,D27,V27,2026-07-31,2026-07-31 09:23:00,2026-07-31 09:38:00,15,7.65,24.5,37.0,12.987086,77.549844,12.939137,77.538122,24.466666666666665,24.9,9.140621006307635,37.0,33.58,35.809999999999995,36.762,36.6,12.213135005667736,30.1,-15.700000000000001,1,0,0.9997262010390852,0.9970621846203978,0.030435933109425533,1.0521259430315366,1.0484441761675984,1.051389589658749,0.026510603593514172,0.0261696919163803,0.01606839207714109,0.04976136526102304,0.04717765097895407,0.049244622404609244,0,5.993846183764054,2.700925767213901,11.574625630726699,47.540635250278264,18.33685203341344,41.69987860690529,1,0.0,4.0,4.0,0.0,0.0,13.071895424836601,13.071895424836601,0.0,False,False,False
T00401,D27,V27,2026-08-06,2026-08-06 12:04:00,2026-08-06 12:34:00,30,12.18,21.7,42.7,12.989715,77.558606,13.022554,77.631056,21.746666666666666,22.2,9.41728906497689,42.7,34.21,35.67499999999999,40.989000000000004,42.0,13.32077670235572,24.5,-36.099999999999994,0,1,1.009330109290783,1.0090311331012458,0.03323838369637731,1.0663156193172827,1.0628057803593611,1.0658073078249555,0.02671814565945274,0.020927842551451137,0.01915275868066326,0.05768982151117874,0.055767460754958996,0.05718151001885155,0,4.565803115896786,3.043296376631769,7.1110701876722135,41.73032710152174,5.309379554757534,31.210106739219313,1,0.0,2.0,0.0,2.0,0.0,8.210180623973727,0.0,8.210180623973727,False,False,False
T00402,D27,V27,2026-08-01,2026-08-01 11:17:00,2026-08-01 11:46:00,29,12.4,21.0,40.1,12.994155,77.557576,13.06395,77.603301,20.99310344827586,23.2,10.57118492596342,40.1,32.66,37.94,39.54,38.0,14.968600139885602,27.3,-28.900000000000002,2,2,1.0248963857302429,1.0190314028527288,0.056028231721498685,1.2178485127469671,1.1244694153998986,1.1922777333654122,0.038709779694197984,0.025303368488029276,0.043143788507879054,0.2092227149408632,0.11584361759379477,0.1836519355593082,1,4.737283077970743,3.226112211315657,7.225731851554625,41.51042519656959,6.9309644043842855,32.00677322238609,1,2.0689655172413794,2.0689655172413794,4.137931034482759,4.137931034482759,8.064516129032258,8.064516129032258,16.129032258064516,16.129032258064516,False,False,False
T00403,D27,V27,2026-07-31,2026-07-31 13:01:00,2026-07-31 13:34:00,33,11.2,22.5,40.0,12.988264,77.559582,12.915778,77.545975,22.533333333333335,22.4,9.933141077557828,40.0,32.440000000000005,37.04,39.744,39.7,14.174537029476484,35.300000000000004,-27.0,2,1,1.033828949220215,1.0206811451182978,0.10247426870461436,1.5148798632234834,1.1481033547187451,1.4227500917471003,0.052289831303375646,0.026090105232019933,0.0913036336461807,0.5062540654173795,0.14450956206388713,0.41412429394099626,2,6.024253810622238,3.1827660925679098,10.491554756731297,49.314236281220055,26.849006192484765,46.52484596461267,3,3.6363636363636362,5.454545454545454,3.6363636363636362,1.8181818181818181,17.857142857142858,26.78571428571429,17.857142857142858,8.928571428571429,False,False,False
T00404,D27,V27,2026-08-05,2026-08-05 12:31:00,2026-08-05 13:00:00,29,8.97,19.6,35.0,12.994775,77.55801,12.932957,77.567112,19.63103448275862,18.6,7.761954073201075,35.0,30.939999999999998,32.53999999999999,34.58,33.3,10.319480358857575,20.3,-19.400000000000002,0,0,1.0307381360039125,1.0153713606360975,0.12023012972572532,1.6152513736257896,1.1228984272455198,1.4790775514721044,0.05311054033784478,0.0325889132571644,0.1097279930409916,0.6066255758196857,0.11427262943941595,0.4704517536660005,1,6.716996197894594,3.462094741626809,10.870588268098563,45.40440176899152,33.010970857945054,45.07264738252665,3,2.0689655172413794,6.206896551724138,0.0,0.0,11.148272017837234,33.44481605351171,0.0,0.0,False,False,False
T00405,D27,V27,2026-08-06,2026-08-06 19:24:00,2026-08-06 19:40:00,16,7.91,22.7,38.3,12.99966,77.552648,13.030063,77.522317,22.7,21.55,9.049125187921021,38.3,33.5,35.15,37.669999999999995,32.599999999999994,13.065214630205405,20.4,-27.200000000000003,0,1,1.032210254966337,1.0192842749473008,0.05999212874884575,1.193119021724153,1.1445423476564065,1.1834036869106037,0.038872401385173436,0.018564216639382236,0.050799239599792434,0.184493223918049,0.1359165498503026,0.1747778891044997,1,3.403825832767504,3.4339832754650477,1.0363980960664911,5.443215961175893,4.786826647837265,5.3119380985081674,0,3.75,0.0,0.0,3.75,12.642225031605562,0.0,0.0,12.642225031605562,False,False,False
T00406,D28,V28,2026-08-05,2026-08-05 10:11:00,2026-08-05 10:22:00,11,8.66,16.7,25.6,12.962075,77.617602,12.908366,77.621275,16.672727272727272,17.5,7.510937479315204,25.6,25.6,25.6,25.6,23.700000000000003,9.77940321659391,15.299999999999999,-14.9,0,0,1.1149570515458949,1.034721701715007,0.24749212215521754,1.687835892496661,1.5974997268136517,1.6697686593600591,0.14581562332766776,0.05452094653354744,0.22427863027019887,0.679210094690557,0.5888739290075478,0.6611428615539553,2,14.518872939306005,5.123846211587542,19.050525227130002,52.361516402793384,51.564865434072814,52.20218620904927,4,10.90909090909091,21.81818181818182,0.0,0.0,23.094688221709006,46.18937644341801,0.0,0.0,True,True,True
T00407,D28,V28,2026-08-01,2026-08-01 12:58:00,2026-08-01 13:16:00,18,8.96,17.1,25.1,12.991196,77.599749,13.049802,77.573813,17.12222222222222,19.700000000000003,6.820432585517929,25.1,24.53,24.675,25.015,23.8,11.10593228982348,20.8,-18.8,0,0,1.0057368285353836,0.992888564183322,0.058074379841003464,1.1002558793298947,1.0903979782186666,1.0982842991076491,0.04526065494140705,0.0288466054595653,0.03482014100690147,0.134696738900291,0.09809008013026568,0.12737540714628587,0,3.105992536804528,3.0361370598500064,1.3215273361589726,5.354185278826275,4.934547523586861,5.270257727778391,0,0.0,0.0,0.0,0.0,0.0,0.0,0.0,0.0,False,False,False
T00408,D28,V28,2026-08-04,2026-08-04 14:21:00,2026-08-04 14:38:00,17,10.35,27.3,36.0,12.9867,77.609964,13.054451,77.589084,27.3,27.7,7.479471906491794,36.0,32.68,34.160000000000004,35.632,34.6,10.266783246727972,28.5,-24.5,1,0,1.0083979055469214,1.010198000393982,0.03902186046459407,1.0738840719556277,1.0738613503944225,1.0738795276433868,0.030041854848145498,0.02887504556704723,0.02374532937323267,0.07835379457264102,0.06787737823414723,0.07625851130494227,0,3.329626931235833,2.9111166242526254,1.4964695218959065,6.83772623026105,5.899479932254119,6.650076970659664,0,0.0,0.0,3.5294117647058822,0.0,0.0,0.0,9.66183574879227,0.0,False,False,False
T00409,D28,V28,2026-08-04,2026-08-04 16:33:00,2026-08-04 17:04:00,31,12.2,23.2,34.8,12.962912,77.602591,12.957551,77.688376,23.229032258064517,23.6,5.855549706525545,34.8,29.2,29.55,33.239999999999995,34.8,8.85621949004845,23.9,-25.7,0,1,1.0050716869412035,1.0018068676147114,0.04968635875303592,1.1104355001529804,1.0864915730637392,1.1036272213904539,0.0406461343217593,0.03461245087496467,0.027831789327388615,0.10191581109590997,0.09745307254009483,0.10188397847119993,0,2.997199143816504,2.7884224930953345,1.4219518986411372,6.9766109250838975,5.057545145317864,6.421320074541445,0,0.0,0.0,0.0,1.9354838709677418,0.0,0.0,0.0,8.19672131147541,False,False,False
T00410,D28,V28,2026-08-05,2026-08-05 18:26:00,2026-08-05 18:53:00,27,11.1,25.1,32.7,12.987028,77.616107,13.047472,77.599112,25.05185185185185,26.7,7.249475862771066,32.7,30.840000000000003,31.94,32.518,32.5,10.864798486573333,27.900000000000002,-28.200000000000003,1,1,0.9992698545580112,0.9944546244047537,0.03703296859322826,1.0736582323998638,1.0652620808227262,1.0723629258178395,0.03130473560313344,0.03420802292717662,0.02108703056679423,0.06759126071407995,0.06353785007603963,0.06692596592279672,0,3.018470397396464,3.061584557055382,1.4712930527144805,6.340268133131279,6.012045280129652,6.331596796367302,0,0.0,0.0,2.2222222222222223,2.2222222222222223,0.0,0.0,9.00900900900901,9.00900900900901,False,False,False
T00411,D28,V28,2026-07-31,2026-07-31 09:43:00,2026-07-31 10:16:00,33,24.8,17.3,25.7,12.991493,77.603902,13.019429,77.748752,17.28181818181818,17.7,5.055717959984426,25.7,21.88,22.62,24.772,25.7,7.885347939134463,25.7,-19.2,1,0,1.0186489140307822,1.0088220854045573,0.0787400525758985,1.395107522737943,1.0950249444245668,1.3024243953181431,0.04402034589758358,0.030006475907744967,0.06561441446626246,0.3864817249318391,0.08639914661846283,0.29379859751203924,1,4.9678545606673365,3.541496858674309,9.065869192874365,54.48282756979487,7.976409025606237,40.223775798601395,2,1.8181818181818181,3.6363636363636362,1.8181818181818181,0.0,4.032258064516129,8.064516129032258,4.032258064516129,0.0,False,False,False
T00412,D28,V28,2026-08-06,2026-08-06 06:28:00,2026-08-06 06:50:00,22,13.24,16.7,26.2,12.975031,77.58936,12.965462,77.503988,16.722727272727273,17.65,6.478163453603322,26.2,22.92,24.804999999999996,25.927,26.2,9.254169529442049,20.7,-16.3,0,0,1.036733127324195,1.037663221655134,0.06808898225294396,1.2703027198270496,1.1100831427289344,1.2370080594416566,0.05053131578536574,0.03553198712946304,0.05280858414036783,0.2616769220209456,0.10145734492283053,0.2283822616355526,1,3.130909308974841,2.91735074831802,1.2899751156227228,5.964838639896304,5.3088525304719925,5.829880326457169,0,2.7272727272727275,0.0,0.0,0.0,7.552870090634442,0.0,0.0,0.0,False,False,False
T00413,D28,V28,2026-08-04,2026-08-04 14:54:00,2026-08-04 15:25:00,31,19.8,25.7,42.1,12.979107,77.603094,12.919336,77.711629,25.703225806451613,30.2,12.549939810505542,42.1,36.5,37.6,41.08,41.9,16.907689285920984,33.0,-36.400000000000006,3,4,1.0140977906000264,0.9967371769930126,0.058918249607540496,1.2655982774956673,1.0880668413500132,1.212405087986842,0.036460807192633,0.02468575898259917,0.046136725670714654,0.2569724796895634,0.07944104354390935,0.20377929018073815,1,4.002062505123745,3.076524012583032,4.633074094153766,27.82863273680545,6.356433495778769,21.701530255363107,1,1.9354838709677418,1.9354838709677418,5.806451612903225,7.741935483870967,5.05050505050505,5.05050505050505,15.15151515151515,20.2020202020202,False,False,False
T00414,D28,V28,2026-08-02,2026-08-02 16:03:00,2026-08-02 16:27:00,24,11.09,18.0,27.7,12.97339,77.605074,12.887715,77.602021,18.025000000000002,20.0,7.640694823856292,27.7,25.599999999999998,27.304999999999996,27.654,27.7,7.498597694989665,19.5,-13.2,0,0,1.0221136607028494,1.0339396909108491,0.05319077662400622,1.098410214810478,1.0862014362351258,1.095818025249163,0.04623188034189193,0.04148873639456785,0.0280851244586096,0.10326067808920214,0.08976560245174173,0.10016113803969166,0,5.072317889159305,3.0631948503856017,9.553507868275283,49.634046782425465,5.184089230265962,39.420519985698185,1,0.0,2.5,0.0,0.0,0.0,9.017132551848512,0.0,0.0,False,False,False
T00415,D28,V28,2026-08-03,2026-08-03 21:38:00,2026-08-03 22:19:00,41,14.43,26.9,39.6,12.971511,77.595552,12.926341,77.496338,26.875609756097564,27.8,6.366034106404272,39.6,31.4,33.3,39.160000000000004,35.2,9.035027366433104,22.700000000000003,-24.1,0,0,1.0139516289758679,0.998588003132423,0.08761633095270134,1.5072627508168572,1.0721054052657322,1.3345023703228707,0.04224526048603535,0.026957320162047216,0.07665778795942414,0.4986369530107533,0.08396045293802679,0.336901879686138,1,4.467424281592432,3.355711548986295,7.144547802026683,48.09402769575449,5.44775182988359,32.54539045850937,2,1.4634146341463414,2.926829268292683,0.0,0.0,6.930006930006931,13.860013860013861,0.0,0.0,False,False,False
T00416,D28,V28,2026-08-03,2026-08-03 11:59:00,2026-08-03 12:38:00,39,19.51,19.6,27.1,12.979658,77.592662,13.112242,77.549621,19.553846153846155,19.6,4.723560552326812,27.1,25.220000000000006,26.919999999999998,27.1,23.200000000000003,6.991655909845207,18.5,-12.9,0,0,1.0310283013478347,1.0203028962028873,0.08279318414804651,1.405599160500603,1.114870870986717,1.3370279332300057,0.05087102283912678,0.03333581377082928,0.06865732371358244,0.3969733626944991,0.10758390589954625,0.3284021354239016,2,3.90045528122546,3.169321693990687,4.206511854654501,28.552045460877228,5.714433802909766,20.12392086108767,1,3.0769230769230766,1.5384615384615383,0.0,0.0,10.251153254741157,5.125576627370578,0.0,0.0,False,False,False
T00417,D28,V28,2026-08-04,2026-08-04 07:30:00,2026-08-04 07:57:00,27,15.05,20.7,28.2,12.97509,77.614379,12.904937,77.67373,20.73333333333333,21.2,4.645510653390995,28.2,25.180000000000003,26.21,27.784,25.0,5.808746720381123,14.900000000000002,-19.1,0,0,1.0030058124929047,0.9899373717564157,0.051426266428103384,1.1079805954979536,1.104095917320104,1.107943986032432,0.04057827324185632,0.026470514767825915,0.03110519260948133,0.10737222638460886,0.09931255600086313,0.10528769492449144,0,4.101585834407651,3.295466583050115,4.312462389404044,25.155639526754232,6.129281596262106,20.444317136975926,1,0.0,2.2222222222222223,0.0,0.0,0.0,6.644518272425249,0.0,0.0,False,False,False
T00418,D28,V28,2026-08-01,2026-08-01 13:05:00,2026-08-01 13:31:00,26,16.94,31.9,40.6,12.981186,77.596788,13.057902,77.51409,31.888461538461538,33.45,7.330393000273693,40.6,37.95,38.45,40.1,37.6,9.697093140968347,22.2,-33.3,0,1,1.0101918562114796,1.0134506365978435,0.04571947276342666,1.0878906195017952,1.065931143412211,1.0831085567137175,0.03446689678857497,0.03108251155399422,0.029280286491909016,0.13196565841342012,0.07608383525775869,0.1187904492339879,0,3.449249927187911,3.080720908497885,1.663713297832881,7.746199067930025,5.497098103144229,7.195571827642283,1,0.0,2.3076923076923075,0.0,2.3076923076923075,0.0,5.903187721369539,0.0,5.903187721369539,False,False,False
T00419,D28,V28,2026-08-02,2026-08-02 21:20:00,2026-08-02 21:41:00,21,10.49,21.0,28.1,12.980933,77.593884,13.017581,77.538147,20.961904761904762,19.9,3.8253726864811735,28.1,27.0,27.8,28.040000000000003,12.500000000000002,6.103398740904628,10.200000000000001,-12.200000000000001,0,0,0.9994220382127379,1.006162014786883,0.048696190933493665,1.0807173543531166,1.0549601888223081,1.0755659212469548,0.03797403002086135,0.035327282447121244,0.03075931335042817,0.09652657074799487,0.08289689580509152,0.0938006357594142,0,3.2995191762250005,3.0300825071274873,1.362357099298738,6.0307628041567005,5.6619431293505595,5.9569988691954725,0,0.0,0.0,0.0,0.0,0.0,0.0,0.0,0.0,False,False,False
T00420,D28,V28,2026-08-04,2026-08-04 14:13:00,2026-08-04 14:45:00,32,15.13,22.1,31.8,12.97248,77.610726,12.872427,77.659121,22.109375,22.0,5.327007231869231,31.8,28.34,29.59,31.149000000000004,26.4,7.936278481066063,19.4,-20.0,0,0,0.9923458599814965,0.9810092586968122,0.04830521700359333,1.0827335775711402,1.0709387233822962,1.0803387638628177,0.04452634283815189,0.04652569137944906,0.023673403541043518,0.09636212978024206,0.0771356992930035,0.09154918139479461,0,3.3267056553587646,3.6006571632585413,1.0502126273702925,5.041170499001199,4.590691877142348,4.903898749158557,0,0.0,0.0,0.0,0.0,0.0,0.0,0.0,0.0,False,False,False
T00421,D29,V29,2026-08-03,2026-08-03 17:45:00,2026-08-03 18:18:00,33,21.52,26.1,47.0,12.775412,77.767446,12.721876,77.649649,26.060606060606062,25.3,6.786058290437249,47.0,31.38,33.94,43.416,42.6,9.79277427649096,27.0,-25.0,1,0,1.0137053551477668,1.000812669783911,0.10484183730392772,1.5648287446235132,1.0581976159536652,1.4027360856818771,0.04534230880305083,0.02543561236255698,0.09433051700634398,0.5562029468174092,0.07964950076762586,0.4039656775821002,1,3.7687608296746262,3.3653974505249744,2.725495824658775,15.519655279676801,6.797689831314035,13.046644106511682,2,1.8181818181818181,3.6363636363636362,1.8181818181818181,0.0,4.646840148698884,9.293680297397769,4.646840148698884,0.0,False,False,False
T00422,D29,V29,2026-07-31,2026-07-31 15:14:00,2026-07-31 15:36:00,22,16.01,28.7,42.0,12.774861,77.7715,12.842538,77.734672,28.718181818181815,30.3,8.584240064745249,42.0,35.510000000000005,38.545,41.306999999999995,36.6,10.208163484760702,30.200000000000003,-20.4,1,0,0.996735474355986,1.0036834761849485,0.026966179459646158,1.041716852124415,1.033951561425726,1.040124033845978,0.02201178788349232,0.021556712696869873,0.019175397454003602,0.07799106817261336,0.04581025460662256,0.07124670461824674,0,3.385892181329084,3.4764162399863325,1.5525118050486033,6.652916653618923,5.471245703787471,6.4098587694514135,0,0.0,0.0,2.7272727272727275,0.0,0.0,0.0,6.246096189881324,0.0,False,False,False
T00423,D29,V29,2026-08-06,2026-08-06 16:41:00,2026-08-06 17:24:00,43,19.83,31.5,40.8,12.77956,77.785248,12.772916,77.906892,31.53488372093023,31.9,4.3224708388633335,40.8,36.72,37.8,39.74999999999999,18.499999999999996,4.913586605864735,8.500000000000004,-11.7,0,0,1.0002219736007127,0.998794273111335,0.0355360821428595,1.0560781221102917,1.049752994957632,1.0557288058462897,0.03137052412626478,0.030848107590274898,0.01809911478721206,0.07081558246400177,0.06018808657302511,0.06752107914554273,0,3.164563201995075,2.9044965140278616,1.3899315574523723,6.645141082023767,5.680049459308583,6.369396283639111,0,0.0,0.0,0.0,0.0,0.0,0.0,0.0,0.0,False,False,False
T00424,D29,V09,2026-08-06,2026-08-06 09:03:00,2026-08-06 09:30:00,27,16.85,27.2,38.7,12.767802,77.78015,12.727706,77.875253,27.21851851851852,29.9,9.405400945816556,38.7,36.06,37.32,38.388,36.7,14.220948794485711,32.2,-33.6,2,2,0.9987668902534802,0.9944184229990916,0.036637974835699694,1.117964221252183,1.0656181364313095,1.1050369340894897,0.028297228036682828,0.022255684714674207,0.024733521847901847,0.10933842344607902,0.059306822461400496,0.09641113628338568,0,3.8633695176632936,2.8462431378924746,6.08002103738052,33.68157211295221,5.165886285835266,26.293188670188762,1,0.0,2.2222222222222223,4.444444444444445,4.444444444444445,0.0,5.9347181008902075,11.869436201780415,11.869436201780415,False,False,False
T00425,D29,V29,2026-07-31,2026-07-31 12:16:00,2026-07-31 13:01:00,45,23.09,32.2,42.8,12.771686,77.785781,12.634253,77.815769,32.184444444444445,32.8,5.977493985227785,42.8,37.52,38.839999999999996,41.260000000000005,39.599999999999994,8.698030660657468,34.0,-28.8,1,1,1.0051742745644223,0.9991561439534864,0.035520960177478425,1.1221613074776726,1.0483849054296395,1.1117102258353229,0.02773341704032947,0.021704246403031924,0.022074860013401962,0.11353550967156867,0.06727186629854626,0.10308442802921883,0,3.9738702478278203,2.6775548547135313,7.007706774434937,48.93193946697801,5.621194979110313,30.78701631466059,2,0.0,2.6666666666666665,1.3333333333333333,1.3333333333333333,0.0,8.6617583369424,4.3308791684712,4.3308791684712,False,False,False
T00426,D29,V29,2026-08-03,2026-08-03 16:49:00,2026-08-03 17:23:00,34,21.91,31.0,44.6,12.775559,77.774023,12.643195,77.829177,31.047058823529408,33.150000000000006,9.600985911940683,44.6,38.33,39.17,42.851000000000006,42.7,13.450734362924607,30.4,-35.3,2,2,1.0176139307355725,1.0196440174556147,0.035784367282004334,1.1052176256285455,1.0803436047141475,1.1036307840771513,0.028260300248102697,0.023994015119271073,0.02325746399294773,0.09659182782244158,0.07171780690804347,0.09500498627104738,0,3.3453037002112644,2.9059948036372276,1.5557203068519072,6.6720536568585835,5.82768455475513,6.555800236695625,0,0.0,0.0,3.5294117647058822,3.5294117647058822,0.0,0.0,9.128251939753538,9.128251939753538,False,False,False
T00427,D29,V19,2026-08-05,2026-08-05 11:11:00,2026-08-05 11:47:00,36,18.57,25.2,34.4,12.777463,77.769557,12.788366,77.870261,25.163888888888888,26.75,8.692859229695465,34.4,32.65,33.125,34.085,32.6,11.627292400702263,30.7,-28.8,2,1,1.0206280402625736,1.000258716134156,0.11370130335627177,1.6519978813545737,1.0655503216735018,1.4513285852675653,0.045532672816296076,0.02292194809884046,0.10461212529541017,0.6433720835484698,0.07418408049899253,0.4485167675402236,1,2.762564575737445,2.72955923459433,0.821659135716112,5.521132130279079,3.6337091170813154,4.892226295079572,0,1.6666666666666667,0.0,3.3333333333333335,1.6666666666666667,5.385029617662897,0.0,10.770059235325794,5.385029617662897,False,False,False
T00428,D29,V28,2026-08-04,2026-08-04 11:15:00,2026-08-04 11:40:00,25,10.07,29.3,44.9,12.77829,77.760764,12.792203,77.696815,29.284000000000002,33.6,12.019937603831394,44.9,37.7,38.46,43.387999999999984,43.3,16.32659078517823,30.0,-40.1,2,3,1.016873612127465,1.0165957898791436,0.04621436644010193,1.0941169955722287,1.087061311696403,1.0925892406981264,0.037958894404099476,0.032376603728109465,0.026565283884307504,0.09297247913139939,0.08421806870437283,0.09117697160373348,0,3.498232570207236,3.4510578088464414,1.2963863576388657,5.859470965880793,5.791625032809911,5.844703363451552,0,0.0,0.0,4.8,7.199999999999999,0.0,0.0,19.8609731876862,29.791459781529294,False,False,False
T00429,D29,V29,2026-08-04,2026-08-04 08:49:00,2026-08-04 09:02:00,13,5.45,27.5,34.6,12.766352,77.777454,12.738927,77.776597,27.515384615384615,29.9,7.896713045506778,34.6,33.38,33.94,34.468,30.700000000000003,11.122989590748409,26.0,-24.900000000000002,1,0,1.022433099149549,1.0124292567878508,0.05577129707178313,1.1629746342891576,1.123473257729466,1.1550743589772192,0.03686698845368418,0.028408985054965696,0.04294795149413322,0.15434883648305364,0.11484745992336207,0.14644856117111527,1,6.219260418724692,3.224608503369052,11.760460230411539,45.10806912294075,21.22949317483477,40.332353933319524,1,4.615384615384615,4.615384615384615,4.615384615384615,0.0,18.34862385321101,18.34862385321101,18.34862385321101,0.0,False,False,False
T00430,D29,V14,2026-08-03,2026-08-03 13:42:00,2026-08-03 14:02:00,20,8.65,26.4,36.4,12.776644,77.777737,12.731062,77.813721,26.35,29.0,9.202602606700026,36.4,33.54,35.73500000000001,36.266999999999996,31.5,14.212495428874886,28.500000000000004,-30.800000000000004,2,1,1.018941269818767,1.0072486406313672,0.03234417966218584,1.072140848955957,1.0715270552680587,1.0720180902183774,0.025268769186705474,0.01846130078213737,0.022046289262936284,0.06351505114985301,0.06290125746195467,0.06339229241227334,0,4.6129270252588075,2.726784278605634,9.174749344612088,43.20089582404513,7.3323476873985225,36.02718619671576,1,0.0,3.0,6.0,3.0,0.0,11.560693641618496,23.12138728323699,11.560693641618496,False,False,False
T00431,D29,V23,2026-08-05,2026-08-05 07:10:00,2026-08-05 07:32:00,22,17.16,31.7,40.0,12.783329,77.759288,12.801956,77.661973,31.681818181818183,32.65,7.472784676578795,40.0,38.39,39.254999999999995,39.853,36.1,11.036626351024177,29.800000000000004,-32.2,1,1,1.0036736054886346,0.9944967187238423,0.03953868521538475,1.0899055004907534,1.0819655487236617,1.088502653486767,0.031314616822276535,0.024040932020858663,0.023700188671438402,0.08127970268464946,0.07581837929526161,0.080146296830363,0,4.699359578982037,3.2349377711554252,8.592831536321022,42.80442266869161,4.867879095230259,34.84061015045548,1,0.0,2.7272727272727275,2.7272727272727275,2.7272727272727275,0.0,5.827505827505828,5.827505827505828,5.827505827505828,False,False,False
T00432,D29,V10,2026-08-05,2026-08-05 17:53:00,2026-08-05 18:09:00,16,11.87,18.4,28.4,12.779255,77.768375,12.826127,77.714302,18.39375,18.950000000000003,6.287815598441162,28.4,26.2,27.125,28.145,27.9,8.345415408074862,15.5,-18.8,0,0,0.994402376516058,1.0073611625398882,0.04932586695805594,1.0784252408025325,1.0574333851352282,1.0742268696690715,0.03763955084848114,0.027793131746626676,0.0337290538155236,0.1054657898340946,0.09688873152898353,0.10375037817307238,0,3.302953283297457,3.438918327657246,1.1513931773775274,5.780008650512557,5.083715877665363,5.640750095943118,0,0.0,0.0,0.0,0.0,0.0,0.0,0.0,0.0,False,False,False
T00433,D29,V29,2026-08-03,2026-08-03 21:53:00,2026-08-03 22:32:00,39,14.96,19.3,30.3,12.774841,77.772384,12.726948,77.691747,19.26410256410256,20.9,7.122813133627204,30.3,27.0,28.830000000000002,30.186,29.1,10.142717084270465,21.5,-20.1,0,0,1.0196657007608725,1.0108244160090316,0.061445630434708694,1.2143895585848883,1.14093332018418,1.2070107144784379,0.040959596254264374,0.02493377283080722,0.04667776866518791,0.20576376077878433,0.1323075223780761,0.19838491667233382,2,4.007214911978206,2.898344354972335,6.865057628691225,45.16980960774574,5.8763862303952,30.271834634328197,1,3.0769230769230766,1.5384615384615383,0.0,0.0,13.36898395721925,6.684491978609625,0.0,0.0,False,False,False
T00434,D29,V29,2026-08-01,2026-08-01 16:11:00,2026-08-01 16:37:00,26,11.06,23.6,29.3,12.77066,77.771536,12.742511,77.836356,23.626923076923074,25.549999999999997,6.20145516422123,29.3,28.6,29.15,29.3,25.7,8.642140938448065,24.9,-17.4,0,0,1.0007452099455298,1.0003670746460012,0.04294212106918589,1.0862660815840657,1.0718014592591167,1.0849990478690268,0.03452520714783692,0.03004109137887473,0.025863952671718347,0.1059082340022307,0.07637325006292295,0.09884124644616346,0,3.2064590158642443,3.1592254611993003,1.2978063810777865,5.747556002336994,5.014491076304183,5.571899038294793,0,0.0,0.0,0.0,0.0,0.0,0.0,0.0,0.0,False,False,False
T00435,D29,V02,2026-08-06,2026-08-06 16:05:00,2026-08-06 16:46:00,41,16.92,17.9,24.3,12.77799,77.778695,12.819301,77.650672,17.90487804878049,19.8,5.073310123554058,24.3,22.3,23.7,24.14,23.8,6.881706928074055,16.3,-14.900000000000002,0,0,1.0475778769107984,1.0187448159377304,0.19297359042687806,1.7737626673261562,1.5887570613533084,1.707288175096462,0.10665914823463454,0.058475884321705474,0.16472226452666358,0.7651368695200522,0.5801312635472045,0.698662377290358,8,3.8262112852131462,3.1769639595059935,2.607768180059387,16.632934196947932,6.487017804816016,12.926514664683204,1,11.707317073170731,1.4634146341463414,0.0,0.0,47.28132387706855,5.910165484633569,0.0,0.0,True,False,True
T00436,D30,V30,2026-08-01,2026-08-01 11:56:00,2026-08-01 12:11:00,15,8.08,18.8,27.6,12.922303,77.668572,12.921376,77.714357,18.766666666666666,22.1,8.819432008490171,27.6,27.0,27.18,27.516000000000002,27.1,12.478522501062526,19.2,-24.2,0,0,1.0114820502992659,1.0031051789319003,0.03206570134215424,1.0636639506911945,1.0597223417451485,1.0628756289019852,0.027125130382066143,0.025342522244071408,0.0157677587790681,0.05503815288509051,0.05109654393904452,0.05424983109588131,0,6.263755688955354,3.3775286823356514,12.36162862026854,50.73359734929113,19.05531909298203,44.39794169802929,1,0.0,4.0,0.0,0.0,0.0,12.376237623762377,0.0,0.0,False,False,False
T00437,D30,V30,2026-08-02,2026-08-02 16:16:00,2026-08-02 16:47:00,31,16.49,25.2,58.0,12.921261,77.662979,13.012948,77.659906,25.216129032258067,26.5,13.641898616008785,58.0,37.8,41.0,53.19999999999999,58.0,17.8427739055664,35.8,-34.1,3,3,0.9998779791663904,0.9946763292649524,0.03662368547001348,1.0845252417532751,1.065751819096684,1.08089581533826,0.031090905613448183,0.02673985738328688,0.020530552528652296,0.08423897401424574,0.06985039992214603,0.08173711499412337,0,4.815486513567095,3.248584307048225,7.007844363680974,41.76164987162265,6.136274090161146,31.117501215887508,1,0.0,1.9354838709677418,5.806451612903225,5.806451612903225,0.0,6.064281382656156,18.192844147968465,18.192844147968465,False,False,False
T00438,D30,V30,2026-08-04,2026-08-04 18:08:00,2026-08-04 18:51:00,43,27.75,19.5,35.7,12.930259,77.681654,13.0596,77.796441,19.504651162790697,20.5,8.639773847579582,35.7,29.200000000000003,31.589999999999996,35.364,33.0,14.451981819669493,30.300000000000004,-30.0,2,2,1.0243190705861314,1.007120151719744,0.09570428042415768,1.470601577586533,1.1900787641930826,1.4011222893992015,0.049264485780398784,0.02802088246047918,0.08322665954100994,0.46197577978042914,0.18145296638697866,0.3924964915930975,3,5.082994781711771,3.0106809860893597,7.059993852201068,35.33458645576597,24.287720832837593,32.16564402143651,4,4.186046511627907,5.5813953488372094,2.7906976744186047,2.7906976744186047,10.81081081081081,14.414414414414413,7.207207207207206,7.207207207207206,False,False,False
T00439,D30,V30,2026-07-31,2026-07-31 17:46:00,2026-07-31 18:25:00,39,15.57,24.0,40.0,12.933603,77.666913,12.956256,77.562294,23.95641025641026,24.9,10.508738090194896,40.0,38.78,39.24,39.848,40.0,15.199021560951099,28.400000000000002,-39.6,3,1,1.0094194102089216,0.9884012343173192,0.09363446810328674,1.4924908709938565,1.1624053134376144,1.377047991982831,0.04825778809909952,0.031850490992914704,0.07986213945131196,0.4838650731877525,0.15377951563151057,0.36842219417672695,3,3.5911398535685524,3.2113704239779004,1.5404089300909816,9.23720737019582,5.453539848861237,7.993860143530798,1,4.615384615384615,1.5384615384615383,4.615384615384615,1.5384615384615383,19.267822736030826,6.422607578676943,19.267822736030826,6.422607578676943,False,False,False
T00440,D30,V30,2026-08-05,2026-08-05 13:12:00,2026-08-05 13:55:00,43,17.79,17.8,35.1,12.957678,77.664906,13.05473,77.615595,17.804651162790698,20.1,9.124847121703622,35.1,28.18000000000001,32.739999999999995,34.26,34.6,11.706032935520305,24.4,-28.4,0,2,1.005381262185868,1.0066821742734893,0.040252553529968566,1.0962139389735928,1.0679010920636736,1.0884725169036458,0.033442643938584496,0.03352102486333153,0.022045554353467514,0.08758814116748881,0.06856759638369743,0.08385150631434407,0,4.609371981779334,3.7564611005572783,6.032920534044987,42.22207242663487,6.397651316201947,27.19022816412911,1,0.0,1.3953488372093024,0.0,2.7906976744186047,0.0,5.621135469364812,0.0,11.242270938729623,False,False,False
T00441,D30,V30,2026-08-03,2026-08-03 07:26:00,2026-08-03 08:05:00,39,16.95,14.3,35.1,12.923088,77.665358,12.944053,77.542769,14.25897435897436,12.3,8.157938269876446,35.1,24.44000000000001,27.900000000000006,33.389999999999986,33.5,12.758330347359786,33.5,-24.700000000000003,1,0,1.0064788917451142,1.0147965313302958,0.037145297353963797,1.097903912006875,1.0607723845100747,1.0856838097947812,0.030473720369791322,0.02878684911892737,0.020770601513872743,0.08927811420077103,0.06271728964745132,0.08729377471841647,0,3.2604723705495076,3.466266002487403,1.2578027721141731,6.114482807237256,5.382531943849523,5.851199726756489,0,0.0,0.0,1.5384615384615383,0.0,0.0,0.0,5.899705014749263,0.0,False,False,False
T00442,D30,V30,2026-08-05,2026-08-05 15:39:00,2026-08-05 16:20:00,41,15.1,27.1,41.6,12.920325,77.665661,12.981023,77.586211,27.139024390243904,27.7,8.44570535979028,41.6,36.2,39.0,41.08,38.5,11.95706954881178,28.599999999999998,-26.1,2,1,1.0140852366014808,1.0085435042674165,0.049281449142571994,1.2033424284051484,1.1142199064816602,1.1693000803061013,0.032025527463729934,0.01848325190575606,0.03752248084532805,0.19471663059904443,0.1055941086755563,0.16067428249999738,1,6.046017708402506,2.9802516672254376,11.212556872383095,56.05587480362785,33.76123960994324,50.62795455780868,4,1.4634146341463414,5.853658536585366,2.926829268292683,1.4634146341463414,6.622516556291391,26.490066225165563,13.245033112582782,6.622516556291391,False,False,False
T00443,D30,V30,2026-08-03,2026-08-03 09:19:00,2026-08-03 09:44:00,25,15.35,27.0,51.3,12.92022,77.659555,12.826158,77.668955,27.011999999999997,26.8,11.414403181945168,51.3,40.22,42.26,49.23599999999998,50.699999999999996,16.678437176985938,36.199999999999996,-36.9,2,1,1.0035963021839265,1.0041996813383283,0.03210435852337042,1.0842527380643316,1.0608742655769532,1.079629940074856,0.025109751638996747,0.01986799126296468,0.0200067291177303,0.07562694025822769,0.05820358996345502,0.07155563466716477,0,3.1303037400239124,3.1390603689639356,1.1100631059352681,5.404932932053828,4.780440474135062,5.268237752993768,0,0.0,0.0,4.8,2.4,0.0,0.0,13.029315960912053,6.514657980456026,False,False,False
T00444,D30,V30,2026-07-31,2026-07-31 14:51:00,2026-07-31 15:20:00,29,18.85,18.4,40.9,12.928386,77.663628,13.018813,77.615563,18.406896551724138,18.4,10.273020526549931,40.9,30.02,36.55999999999998,40.592,40.9,16.930875838250255,31.9,-39.0,2,2,1.0119107049806813,0.9967130981380751,0.039614224185762624,1.1226219310168495,1.0850568389222497,1.1131121279431564,0.030751695736575525,0.024659254829421107,0.02451575304717772,0.11399613321074553,0.07643104111614576,0.10448633013705241,0,3.4181349488547736,3.7472389835717714,1.397543133388909,6.136383299631795,5.719795400915215,6.050581567438029,0,0.0,0.0,4.137931034482759,4.137931034482759,0.0,0.0,10.610079575596817,10.610079575596817,False,False,False
T00445,D30,V06,2026-07-31,2026-07-31 20:03:00,2026-07-31 20:48:00,45,24.13,20.8,40.6,12.920808,77.675944,13.063709,77.667318,20.842222222222222,21.3,9.395441082318229,40.6,31.720000000000002,36.83999999999999,39.28000000000001,40.5,11.700497701578614,19.3,-33.9,0,1,1.019091387128196,1.0081314398430394,0.07209235091357537,1.2864684216878393,1.1494143277300493,1.2786193293940966,0.0465478231458834,0.03245060861104976,0.055618179471846066,0.2778426238817353,0.1407885299239453,0.2699935315879926,3,4.398444196126698,3.112458835069148,6.493799821595862,38.16141899877414,5.580283925888097,33.87589595673381,2,4.0,2.6666666666666665,0.0,1.3333333333333333,12.432656444260259,8.288437629506838,0.0,4.144218814753419,False,False,False
T00446,D30,V30,2026-07-31,2026-07-31 13:17:00,2026-07-31 13:46:00,29,17.61,28.2,42.0,12.944424,77.661888,12.995643,77.611661,28.196551724137933,29.3,9.312107432132978,42.0,38.379999999999995,40.379999999999995,41.86,42.0,13.605726300985916,31.4,-33.5,2,2,1.0172864038650906,0.9976547499009865,0.07683116992697259,1.260951228240014,1.1836623324606654,1.2600518719963332,0.04893948628089579,0.03241502752208647,0.059161659109952885,0.25232543043391,0.18713353063348756,0.25142607419022917,2,4.857727579002006,3.0420059171540084,9.580173723965208,54.26469017694655,5.46030596548351,40.633754511682916,1,4.137931034482759,2.0689655172413794,4.137931034482759,4.137931034482759,11.357183418512209,5.6785917092561045,11.357183418512209,11.357183418512209,False,False,False
T00447,D30,V30,2026-08-05,2026-08-05 11:49:00,2026-08-05 12:05:00,16,6.7,25.7,47.2,12.918405,77.66857,12.901703,77.63642,25.71875,28.0,13.93629404349186,47.2,41.15,43.6,46.480000000000004,47.2,21.208385723576416,27.4,-43.6,1,2,1.0221008976766623,1.0015472492984767,0.07161614319736105,1.265537435242435,1.1116563641647517,1.2347612210268981,0.040822053574541994,0.02735835063096531,0.05954006585632557,0.25691163743633094,0.10303056635864766,0.22613542322079422,1,2.5667652526525675,2.7723382708676323,0.9040486050505031,4.14074872456661,3.591466215206596,4.0308922226946065,0,3.75,0.0,3.75,7.5,14.925373134328357,0.0,14.925373134328357,29.850746268656714,False,False,False
T00448,D30,V30,2026-08-03,2026-08-03 09:07:00,2026-08-03 09:32:00,25,9.63,28.8,43.0,12.928082,77.665198,12.937894,77.723659,28.828000000000003,31.2,8.139744058220339,43.0,39.28000000000001,41.239999999999995,42.592,28.0,10.189378456674053,21.299999999999997,-18.7,0,0,1.0435243408523724,1.0082182303449982,0.15513297403834111,1.7384631143627984,1.2066848188958355,1.619454251797322,0.06037883959240972,0.022888510289800212,0.14675622532525276,0.7298373165566945,0.19949257415682392,0.6108284539912182,2,3.858342542061854,3.775539696520221,1.8532912244492192,9.34482209568486,6.806861548510087,8.762847451589494,1,4.8,2.4,0.0,0.0,20.768431983385252,10.384215991692626,0.0,0.0,False,False,False
T00449,D30,V30,2026-08-04,2026-08-04 12:54:00,2026-08-04 13:26:00,32,19.35,18.0,33.6,12.945981,77.661878,13.049111,77.63956,18.0125,18.5,8.917896106579281,33.6,32.010000000000005,32.3,33.197,33.6,11.93690232416996,32.3,-23.499999999999996,1,0,1.0031624338817011,1.0074925696831185,0.03241375651475476,1.0734006707655812,1.0474530596169995,1.067713651949997,0.025817167278195885,0.021486272470668755,0.019835217104072014,0.08210488600756283,0.062042864857851904,0.07673258196265632,0,2.539892286108726,2.4105480179978622,1.169036129010569,5.052019398220874,4.518005526364299,4.918314796229241,0,0.0,0.0,1.875,0.0,0.0,0.0,5.167958656330749,0.0,False,False,False
T00450,D30,V09,2026-07-31,2026-07-31 07:25:00,2026-07-31 07:47:00,22,10.57,21.9,42.5,12.922957,77.669683,12.963377,77.729188,21.945454545454545,27.450000000000003,13.661023013799143,42.5,32.96,39.07999999999999,41.849,41.9,21.451626846752077,41.9,-30.7,3,4,1.0088403569292064,0.9934908973941461,0.0435195375286914,1.1380461326325924,1.0847112582822351,1.1272191012334278,0.03242053094827111,0.026155431177005417,0.02815769172697951,0.1294203348264884,0.07661611455871006,0.11859330342732395,0,5.672082415084662,3.719650519663883,10.746297000501464,53.460494760149764,5.981035314780536,43.49888705448931,1,0.0,2.7272727272727275,8.181818181818182,10.90909090909091,0.0,9.460737937559129,28.38221381267739,37.842951750236516,False,False,False
